qid	mention	entity	set_id
trec-2010-101_1	the music man	<dbpedia:The_Music_Man>	0
trec-2010-102_2	obama's	<dbpedia:Barack_Obama>	0
trec-2010-104_1	hoboken	<dbpedia:Hoboken,_New_Jersey>	0
trec-2010-104_2	hoboken	<dbpedia:Hoboken,_New_Jersey>	0
trec-2010-105_1	orange county convention center	<dbpedia:Orange_County_Convention_Center>	0
trec-2010-105_2	orange county convention center	<dbpedia:Orange_County_Convention_Center>	0
trec-2010-109_1	windows	<dbpedia:Microsoft_Windows>	0
trec-2010-109_2	defender	<dbpedia:Windows_Defender>	0
trec-2010-111_1	inauguration	<dbpedia:United_States_presidential_inauguration>	0
trec-2010-111_1	obama	<dbpedia:Barack_Obama>	0
trec-2010-111_1	rick warren	<dbpedia:Rick_Warren>	0
trec-2010-111_2	rick warren	<dbpedia:Rick_Warren>	0
trec-2010-112_1	rincon puerto rico	<dbpedia:Rincón,_Puerto_Rico>	0
trec-2010-112_2	rincon puerto rico	<dbpedia:Rincón,_Puerto_Rico>	0
trec-2010-118_2	obama	<dbpedia:Barack_Obama>	0
trec-2010-119_1	atari	<dbpedia:Atari>	0
trec-2010-119_2	atari	<dbpedia:Atari>	0
trec-2010-121_1	music man	<dbpedia:The_Music_Man>	0
trec-2010-121_2	music man	<dbpedia:The_Music_Man>	0
trec-2010-122_1	gps devices	<dbpedia:GPS_navigation_device>	0
trec-2010-122_2	garmin	<dbpedia:Garmin>	0
trec-2010-124_1	patriots point museum	<dbpedia:Patriots_Point>	0
trec-2010-124_2	uss yorktown	<dbpedia:USS_Yorktown_(CV-10)>	0
trec-2010-126_1	evergreen solar	<dbpedia:Evergreen_Solar>	0
trec-2010-12_1	kohler	<dbpedia:Kohler_Company>	0
trec-2010-130_2	sprint	<dbpedia:Sprint_Nextel>	0
trec-2010-132_1	disneyland	<dbpedia:Disneyland>	0
trec-2010-132_2	disneyland	<dbpedia:Disneyland>	0
trec-2010-135_2	evergreen	<dbpedia:Evergreen_Solar>	0
trec-2010-142_2	michigan	<dbpedia:Michigan>	0
trec-2010-143_2	obama	<dbpedia:Barack_Obama>	0
trec-2010-145_1	american standard	<dbpedia:American_Standard_Brands>	0
trec-2010-145_2	kohler	<dbpedia:Kohler_Company>	0
trec-2010-146_1	atari	<dbpedia:Atari>	0
trec-2010-146_2	atari arcade	<dbpedia:Atari_Games>	0
trec-2010-147_1	afghanistan	<dbpedia:Afghanistan>	0
trec-2010-147_2	afghanistan	<dbpedia:Afghanistan>	0
trec-2010-148_2	arizona	<dbpedia:Arizona>	0
trec-2010-15_2	french lick resort and casino	<dbpedia:French_Lick_Resort_Casino>	0
trec-2010-16_1	disneyland	<dbpedia:Disneyland>	0
trec-2010-16_2	disneyland	<dbpedia:Disneyland>	0
trec-2010-21_1	comcast	<dbpedia:Comcast>	0
trec-2010-22_2	bbc	<dbpedia:BBC>	0
trec-2010-22_2	walking with dinosaurs	<dbpedia:Walking_with_Dinosaurs>	0
trec-2010-23_2	ps 2	<dbpedia:PlayStation_2>	0
trec-2010-25_1	bart	<dbpedia:Bay_Area_Rapid_Transit>	0
trec-2010-25_2	bart	<dbpedia:Bay_Area_Rapid_Transit>	0
trec-2010-27_1	volvo	<dbpedia:Volvo>	0
trec-2010-27_2	volvo	<dbpedia:Volvo_Trucks>	0
trec-2010-28_1	autozone.com	<dbpedia:AutoZone>	0
trec-2010-2_1	hoboken	<dbpedia:Hoboken,_New_Jersey>	0
trec-2010-2_2	hoboken	<dbpedia:Hoboken,_New_Jersey>	0
trec-2010-30_1	mitchell college	<dbpedia:Mitchell_College>	0
trec-2010-30_2	mitchell college	<dbpedia:Mitchell_College>	0
trec-2010-33_1	starbucks	<dbpedia:Starbucks>	0
trec-2010-33_2	starbucks	<dbpedia:Starbucks>	0
trec-2010-34_1	espn	<dbpedia:ESPN>	0
trec-2010-34_1	nba	<dbpedia:National_Basketball_Association>	0
trec-2010-34_2	nba	<dbpedia:National_Basketball_Association>	0
trec-2010-36_1	the sun	<dbpedia:The_Sun_(United_Kingdom)>	0
trec-2010-36_2	the sun	<dbpedia:The_Sun_(United_Kingdom)>	0
trec-2010-41_2	kcs petrohawk	<dbpedia:Petrohawk>	0
trec-2010-42_1	er	<dbpedia:ER_(TV_series)>	0
trec-2010-42_2	er	<dbpedia:ER_(TV_series)>	0
trec-2010-44_1	madagascar	<dbpedia:Madagascar_(2005_film)>	0
trec-2010-47_1	pink floyd the wall	<dbpedia:Pink_Floyd_–_The_Wall>	0
trec-2010-47_2	pink floyd the wall movie	<dbpedia:Pink_Floyd_–_The_Wall>	0
trec-2010-4_1	neil young	<dbpedia:Neil_Young>	0
trec-2010-4_2	neil young	<dbpedia:Neil_Young>	0
trec-2010-52_1	purpose driven life	<dbpedia:The_Purpose_Driven_Life>	0
trec-2010-52_1	warren	<dbpedia:Rick_Warren>	0
trec-2010-52_2	mccain	<dbpedia:John_McCain>	0
trec-2010-52_2	obama	<dbpedia:Barack_Obama>	0
trec-2010-53_1	gps	<dbpedia:GPS_navigation_device>	0
trec-2010-55_1	bobcat	<dbpedia:Bobcat_Company>	0
trec-2010-55_2	bobcat	<dbpedia:Bobcat_Company>	0
trec-2010-56_2	arizona	<dbpedia:Arizona>	0
trec-2010-59_1	beckham	<dbpedia:David_Beckham>	0
trec-2010-60_2	container store	<dbpedia:The_Container_Store>	0
trec-2010-62_2	nih	<dbpedia:National_Institutes_of_Health>	0
trec-2010-63_1	vegas	<dbpedia:Las_Vegas>	0
trec-2010-63_2	atlantic city	<dbpedia:Atlantic_City,_New_Jersey>	0
trec-2010-64_1	pampered chef	<dbpedia:The_Pampered_Chef>	0
trec-2010-64_2	pampered chef	<dbpedia:The_Pampered_Chef>	0
trec-2010-67_1	martin aircraft	<dbpedia:Glenn_L._Martin_Company>	0
trec-2010-6_1	euclid trucks	<dbpedia:Euclid_Trucks>	0
trec-2010-6_2	euclid trucks	<dbpedia:Euclid_Trucks>	0
trec-2010-71_1	mitchell college athletics	<dbpedia:Mitchell_College>	0
trec-2010-71_2	mitchell college	<dbpedia:Mitchell_College>	0
trec-2010-74_1	tsa	<dbpedia:Transportation_Security_Administration>	0
trec-2010-75_2	michigan	<dbpedia:Michigan>	0
trec-2010-77_2	shakespeare	<dbpedia:William_Shakespeare>	0
trec-2010-78_1	windows defender	<dbpedia:Windows_Defender>	0
trec-2010-78_2	windows defender	<dbpedia:Windows_Defender>	0
trec-2010-84_1	discovery channel	<dbpedia:Discovery_Channel>	0
trec-2010-86_1	mitchell college	<dbpedia:Mitchell_College>	0
trec-2010-88_1	rick warren	<dbpedia:Rick_Warren>	0
trec-2010-88_2	rick warren debate	<dbpedia:Rick_Warren>	0
trec-2010-8_1	defender game	<dbpedia:Defender_(video_game)>	0
trec-2010-8_2	defender game	<dbpedia:Defender_(video_game)>	0
trec-2010-91_1	hughes	<dbpedia:Hughes_Communications>	0
trec-2010-92_1	us	<dbpedia:United_States>	0
trec-2010-92_2	us	<dbpedia:United_States>	0
trec-2010-93_1	arizona	<dbpedia:Arizona>	0
trec-2010-93_2	arizona	<dbpedia:Arizona>	0
trec-2010-94_1	disneyland	<dbpedia:Disneyland>	0
trec-2010-94_2	disneyland	<dbpedia:Disneyland>	0
trec-2010-96_1	american standard	<dbpedia:American_Standard_Brands>	0
trec-2010-98_1	star trek	<dbpedia:Star_Trek>	0
trec-2010-98_2	star trek voyager	<dbpedia:Star_Trek:_Voyager>	0
trec-2010-99_1	volvo semi trucks	<dbpedia:Volvo_Trucks>	0
trec-2010-99_2	xc90	<dbpedia:Volvo_XC90>	0
trec-2011-11_1	hawaii	<dbpedia:Hawaii>	0
trec-2011-11_2	hawaii	<dbpedia:Hawaii>	0
trec-2011-11_3	condo	<dbpedia:Condominium>	0
trec-2011-11_3	hawaii	<dbpedia:Hawaii>	0
trec-2011-11_4	condo	<dbpedia:Condominium>	0
trec-2011-11_4	hawaii	<dbpedia:Hawaii>	0
trec-2011-12_3	maryland	<dbpedia:Maryland>	0
trec-2011-15_1	hardees	<dbpedia:Hardee's>	0
trec-2011-15_2	hardees	<dbpedia:Hardee's>	0
trec-2011-15_3	hardees	<dbpedia:Hardee's>	0
trec-2011-16_2	hardees	<dbpedia:Hardee's>	0
trec-2011-17_1	berkley	<dbpedia:W._R._Berkley>	0
trec-2011-17_2	berkley	<dbpedia:W._R._Berkley>	0
trec-2011-17_3	berkley	<dbpedia:W._R._Berkley>	0
trec-2011-19_1	Iwo Jima	<dbpedia:Iwo_Jima>	0
trec-2011-19_2	Iwo Jima	<dbpedia:Iwo_Jima>	0
trec-2011-19_3	Iwo Jima	<dbpedia:Iwo_Jima>	0
trec-2011-1_1	peace corp	<dbpedia:Peace_Corps>	0
trec-2011-1_2	peace corp	<dbpedia:Peace_Corps>	0
trec-2011-1_3	peace corp	<dbpedia:Peace_Corps>	0
trec-2011-20_1	dooney bourke	<dbpedia:Dooney_&_Bourke>	0
trec-2011-20_2	dooney bourke	<dbpedia:Dooney_&_Bourke>	0
trec-2011-20_3	dooney bourke	<dbpedia:Dooney_&_Bourke>	0
trec-2011-21_1	dooney and bourke	<dbpedia:Dooney_&_Bourke>	0
trec-2011-21_2	dooney and bourke	<dbpedia:Dooney_&_Bourke>	0
trec-2011-21_3	dooney and bourke	<dbpedia:Dooney_&_Bourke>	0
trec-2011-22_2	nhs	<dbpedia:National_Health_Service_(England)>	0
trec-2011-23_2	dupont	<dbpedia:DuPont>	0
trec-2011-24_1	DuPont	<dbpedia:DuPont>	0
trec-2011-24_2	DuPont	<dbpedia:DuPont>	0
trec-2011-24_3	dupont	<dbpedia:DuPont>	0
trec-2011-31_1	Greenland	<dbpedia:Greenland,_New_Hampshire>	0
trec-2011-31_1	new hampshire	<dbpedia:New_Hampshire>	0
trec-2011-31_2	Greenland	<dbpedia:Greenland,_New_Hampshire>	0
trec-2011-32_1	greenland	<dbpedia:Greenland,_New_Hampshire>	0
trec-2011-32_1	new hampshire	<dbpedia:New_Hampshire>	0
trec-2011-35_1	skagit valley	<dbpedia:Skagit_Valley>	0
trec-2011-35_10	skagit valley	<dbpedia:Skagit_Valley>	0
trec-2011-35_4	skagit valley	<dbpedia:Skagit_Valley>	0
trec-2011-35_5	skagit valley	<dbpedia:Skagit_Valley>	0
trec-2011-35_6	skagit valley	<dbpedia:Skagit_Valley>	0
trec-2011-35_7	skagit valley	<dbpedia:Skagit_Valley>	0
trec-2011-35_8	skagit county	<dbpedia:Skagit_County,_Washington>	0
trec-2011-35_9	skagit valley	<dbpedia:Skagit_Valley>	0
trec-2011-39_1	Houston community college	<dbpedia:Houston_Community_College_System>	0
trec-2011-39_2	Houston community college	<dbpedia:Houston_Community_College_System>	0
trec-2011-40_2	Houston community college	<dbpedia:Houston_Community_College_System>	0
trec-2011-40_3	Houston community college	<dbpedia:Houston_Community_College_System>	0
trec-2011-41_1	Jay-Z	<dbpedia:Jay-Z>	0
trec-2011-41_2	Jay-Z	<dbpedia:Jay-Z>	0
trec-2011-41_3	Jay-Z	<dbpedia:Jay-Z>	0
trec-2011-43_1	IMG	<dbpedia:IMG_(company)>	0
trec-2011-43_2	international management group	<dbpedia:IMG_(company)>	0
trec-2011-43_3	img	<dbpedia:IMG_(company)>	0
trec-2011-43_3	vijay singh	<dbpedia:Vijay_Singh>	0
trec-2011-44_1	Merrill lynch	<dbpedia:Merrill_Lynch>	0
trec-2011-44_2	Merrill lynch	<dbpedia:Merrill_Lynch>	0
trec-2011-44_3	Merrill lynch	<dbpedia:Merrill_Lynch>	0
trec-2011-45_1	merrill lynch	<dbpedia:Merrill_Lynch>	0
trec-2011-45_2	merrill lynch	<dbpedia:Merrill_Lynch>	0
trec-2011-45_3	merrill lynch	<dbpedia:Merrill_Lynch>	0
trec-2011-45_4	merrill lynch	<dbpedia:Merrill_Lynch>	0
trec-2011-45_5	merrill lynch	<dbpedia:Merrill_Lynch>	0
trec-2011-46_2	isabelle dinoire	<dbpedia:Isabelle_Dinoire>	0
trec-2011-46_3	isabelle dinoire	<dbpedia:Isabelle_Dinoire>	0
trec-2011-48_1	Irving Berlin	<dbpedia:Irving_Berlin>	0
trec-2011-48_2	Irving Berlin	<dbpedia:Irving_Berlin>	0
trec-2011-48_3	Irving Berlin	<dbpedia:Irving_Berlin>	0
trec-2011-48_4	Irving Berlin	<dbpedia:Irving_Berlin>	0
trec-2011-49_1	cunard cruise lines	<dbpedia:Cunard_Line>	0
trec-2011-49_2	carnival	<dbpedia:Carnival_Cruise_Lines>	0
trec-2011-49_2	uk	<dbpedia:United_Kingdom>	0
trec-2011-49_3	cunard cruise lines	<dbpedia:Cunard_Line>	0
trec-2011-49_4	cunard cruise lines	<dbpedia:Cunard_Line>	0
trec-2011-4_2	patient.co..uk	<dbpedia:Patient_UK>	0
trec-2011-50_1	harry potter and the goblet of fire	<dbpedia:Harry_Potter_and_the_Goblet_of_Fire>	0
trec-2011-50_1	harry potter and the goblet of fire	<dbpedia:Harry_Potter_and_the_Goblet_of_Fire_(film)>	1
trec-2011-50_2	harry potter and the goblet of fire	<dbpedia:Harry_Potter_and_the_Goblet_of_Fire>	0
trec-2011-50_3	harry potter and the goblet of fire	<dbpedia:Harry_Potter_and_the_Goblet_of_Fire>	0
trec-2011-50_4	harry potter and the goblet of fire	<dbpedia:Harry_Potter_and_the_Goblet_of_Fire>	0
trec-2011-51_1	jasper fforde	<dbpedia:Jasper_Fforde>	0
trec-2011-51_2	jasper fforde	<dbpedia:Jasper_Fforde>	0
trec-2011-51_3	jasper fforde	<dbpedia:Jasper_Fforde>	0
trec-2011-51_3	thursday next	<dbpedia:Thursday_Next>	0
trec-2011-52_1	Guinness	<dbpedia:Guinness>	0
trec-2011-52_2	Guinnes	<dbpedia:Guinness>	0
trec-2011-52_3	Guinness	<dbpedia:Guinness>	0
trec-2011-52_4	Guinness	<dbpedia:Guinness>	0
trec-2011-52_5	Guinnes	<dbpedia:Guinness>	0
trec-2011-53_1	Guinness	<dbpedia:Guinness>	0
trec-2011-53_3	Guinness	<dbpedia:Guinness>	0
trec-2011-53_4	Guinness	<dbpedia:Guinness>	0
trec-2011-53_4	Ireland	<dbpedia:Ireland>	0
trec-2011-53_5	Guinness	<dbpedia:Guinness>	0
trec-2011-53_5	Ireland	<dbpedia:Ireland>	0
trec-2011-53_6	Guinness	<dbpedia:Guinness>	0
trec-2011-53_7	uk	<dbpedia:United_Kingdom>	0
trec-2011-54_1	usa	<dbpedia:United_States>	0
trec-2011-54_3	usa	<dbpedia:United_States>	0
trec-2011-54_4	usa	<dbpedia:United_States>	0
trec-2011-56_1	chanel	<dbpedia:Chanel>	0
trec-2011-56_2	chanel	<dbpedia:Chanel>	0
trec-2011-56_3	chanel	<dbpedia:Chanel>	0
trec-2011-56_4	chanel	<dbpedia:Chanel>	0
trec-2011-56_5	chanel	<dbpedia:Chanel>	0
trec-2011-56_6	chanel	<dbpedia:Chanel>	0
trec-2011-58_4	world snooker "tournaments annually"	<dbpedia:World_Snooker_Championship>	0
trec-2011-58_5	world snooker tournaments	<dbpedia:World_Snooker_Championship>	0
trec-2011-59_2	marsupials cartoon	<dbpedia:Marsupilami_(1993_TV_series)>	0
trec-2011-5_1	medicare	<dbpedia:Medicare_(United_States)>	0
trec-2011-5_2	medicare	<dbpedia:Medicare_(United_States)>	0
trec-2011-60_6	australia	<dbpedia:Australia>	0
trec-2011-60_6	marsupial	<dbpedia:Marsupilami>	0
trec-2011-60_9	marsupial cartoon	<dbpedia:Marsupilami_(1993_TV_series)>	0
trec-2011-61_1	alan greenspan	<dbpedia:Alan_Greenspan>	0
trec-2011-64_2	United States	<dbpedia:United_States>	0
trec-2011-64_2	australia	<dbpedia:Australia>	0
trec-2011-66_2	Australia	<dbpedia:Australia>	0
trec-2011-66_3	Australia	<dbpedia:Australia>	0
trec-2011-66_3	US	<dbpedia:United_States>	0
trec-2011-66_4	Australia	<dbpedia:Australia>	0
trec-2011-66_5	Australia	<dbpedia:Australia>	0
trec-2011-67_1	joseph steffen	<dbpedia:Lincoln_Steffens>	0
trec-2011-67_3	joseph steffen	<dbpedia:Lincoln_Steffens>	0
trec-2011-68_1	jack nicholson	<dbpedia:Jack_Nicholson>	0
trec-2011-68_2	jack nicholson	<dbpedia:Jack_Nicholson>	0
trec-2011-68_3	jack nicholson	<dbpedia:Jack_Nicholson>	0
trec-2011-68_4	jack nicholson	<dbpedia:Jack_Nicholson>	0
trec-2011-68_5	jack nicholson	<dbpedia:Jack_Nicholson>	0
trec-2011-6_1	paramount	<dbpedia:Paramount_Pictures>	0
trec-2011-6_2	paramount	<dbpedia:Paramount_Pictures>	0
trec-2011-9_3	USA	<dbpedia:United_States>	0
trec-2012-12_1	Kursk	<dbpedia:Kursk>	0
trec-2012-12_1	russia today	<dbpedia:RT_(TV_network)>	0
trec-2012-12_2	russiatoday.ru	<dbpedia:RT_(TV_network)>	0
trec-2012-16_1	Barents see	<dbpedia:Barents_Sea>	0
trec-2012-16_1	Kursk	<dbpedia:Kursk>	0
trec-2012-16_2	Barents see	<dbpedia:Barents_Sea>	0
trec-2012-16_2	Kursk	<dbpedia:Kursk>	0
trec-2012-16_3	Barents sea	<dbpedia:Barents_Sea>	0
trec-2012-16_3	Kursk	<dbpedia:Kursk>	0
trec-2012-17_1	india government	<dbpedia:Government_of_India>	0
trec-2012-17_1	miss universe	<dbpedia:Miss_Universe>	0
trec-2012-17_2	indian government	<dbpedia:Government_of_India>	0
trec-2012-17_2	miss universe	<dbpedia:Miss_Universe>	0
trec-2012-18_1	Miss Universe	<dbpedia:Miss_Universe>	0
trec-2012-18_2	Miss Universe	<dbpedia:Miss_Universe>	0
trec-2012-20_1	port arthur	<dbpedia:Port_Arthur,_Tasmania>	0
trec-2012-22_1	australia	<dbpedia:Australia>	0
trec-2012-22_2	martin bryant	<dbpedia:Martin_Bryant>	0
trec-2012-22_2	port arthur	<dbpedia:Port_Arthur,_Tasmania>	0
trec-2012-22_5	australia	<dbpedia:Australia>	0
trec-2012-23_1	martin bryant	<dbpedia:Martin_Bryant>	0
trec-2012-23_1	port arthur	<dbpedia:Port_Arthur,_Tasmania>	0
trec-2012-23_2	martin bryant	<dbpedia:Martin_Bryant>	0
trec-2012-23_2	port arthur	<dbpedia:Port_Arthur,_Tasmania>	0
trec-2012-24_1	france	<dbpedia:France_national_football_team>	0
trec-2012-24_1	world cup	<dbpedia:FIFA_World_Cup>	0
trec-2012-24_2	france	<dbpedia:France_national_football_team>	0
trec-2012-24_3	brazil	<dbpedia:Brazil_national_football_team>	0
trec-2012-24_3	france	<dbpedia:France_national_football_team>	0
trec-2012-25_1	france	<dbpedia:France>	0
trec-2012-25_2	france	<dbpedia:France_national_football_team>	0
trec-2012-25_2	world cup	<dbpedia:FIFA_World_Cup>	0
trec-2012-25_3	france	<dbpedia:France_national_football_team>	0
trec-2012-25_3	world cup	<dbpedia:FIFA_World_Cup>	0
trec-2012-25_4	france	<dbpedia:France_national_football_team>	0
trec-2012-25_4	world cup	<dbpedia:FIFA_World_Cup>	0
trec-2012-25_5	france football team	<dbpedia:France_national_football_team>	0
trec-2012-25_6	world cup	<dbpedia:FIFA_World_Cup>	0
trec-2012-25_7	france football team	<dbpedia:France_national_football_team>	0
trec-2012-25_7	world cup	<dbpedia:FIFA_World_Cup>	0
trec-2012-26_1	france	<dbpedia:France>	1
trec-2012-26_1	france	<dbpedia:France_national_football_team>	0
trec-2012-26_1	world cup	<dbpedia:FIFA_World_Cup>	0
trec-2012-26_1	world cup	<dbpedia:FIFA_World_Cup>	1
trec-2012-26_2	france	<dbpedia:France>	0
trec-2012-26_2	world cup	<dbpedia:FIFA_World_Cup>	0
trec-2012-26_3	france	<dbpedia:France>	0
trec-2012-26_3	world cup	<dbpedia:FIFA_World_Cup>	0
trec-2012-27_3	world cup	<dbpedia:FIFA_World_Cup>	0
trec-2012-28_1	france	<dbpedia:France>	0
trec-2012-28_1	world cup	<dbpedia:FIFA_World_Cup>	0
trec-2012-28_2	france	<dbpedia:France>	1
trec-2012-28_2	france	<dbpedia:France_national_football_team>	0
trec-2012-28_2	world cup	<dbpedia:FIFA_World_Cup>	0
trec-2012-28_2	world cup	<dbpedia:FIFA_World_Cup>	1
trec-2012-28_3	france	<dbpedia:France>	1
trec-2012-28_3	france	<dbpedia:France_national_football_team>	0
trec-2012-28_3	world cup	<dbpedia:FIFA_World_Cup>	0
trec-2012-28_3	world cup	<dbpedia:FIFA_World_Cup>	1
trec-2012-29_3	beverly hills	<dbpedia:Beverly_Hills,_California>	0
trec-2012-34_2	new york stock exchange	<dbpedia:New_York_Stock_Exchange>	0
trec-2012-35_1	merck &amp;amp; co.	<dbpedia:Merck_&_Co.>	0
trec-2012-35_2	merck and co.	<dbpedia:Merck_&_Co.>	0
trec-2012-35_3	merck and co	<dbpedia:Merck_&_Co.>	0
trec-2012-35_4	merck and co	<dbpedia:Merck_&_Co.>	0
trec-2012-36_1	Merck	<dbpedia:Merck_&_Co.>	0
trec-2012-36_2	Merck	<dbpedia:Merck_&_Co.>	0
trec-2012-36_3	merck	<dbpedia:Merck_&_Co.>	0
trec-2012-37_1	Merck	<dbpedia:Merck_&_Co.>	0
trec-2012-37_2	Merck	<dbpedia:Merck_&_Co.>	0
trec-2012-37_2	US	<dbpedia:United_States>	0
trec-2012-38_1	Kurosawa	<dbpedia:Akira_Kurosawa>	0
trec-2012-38_2	Kurosawa	<dbpedia:Akira_Kurosawa>	0
trec-2012-39_1	Akira Kurosawa	<dbpedia:Akira_Kurosawa>	0
trec-2012-39_2	Akira Kurosawa	<dbpedia:Akira_Kurosawa>	0
trec-2012-39_2	india	<dbpedia:India>	0
trec-2012-39_3	Akira Kurosawa	<dbpedia:Akira_Kurosawa>	0
trec-2012-39_4	Akira Kurosawa	<dbpedia:Akira_Kurosawa>	0
trec-2012-4_1	pocono mountains	<dbpedia:Pocono_Mountains>	0
trec-2012-4_2	pocono mountains	<dbpedia:Pocono_Mountains>	0
trec-2012-4_3	pocono mountains	<dbpedia:Pocono_Mountains>	0
trec-2012-4_4	pocono mountains	<dbpedia:Pocono_Mountains>	0
trec-2012-55_2	uk	<dbpedia:United_Kingdom>	0
trec-2012-55_3	uk	<dbpedia:United_Kingdom>	0
trec-2012-55_4	uk	<dbpedia:United_Kingdom>	0
trec-2012-57_3	uk	<dbpedia:United_Kingdom>	0
trec-2012-57_5	uk	<dbpedia:United_Kingdom>	0
trec-2012-5_1	pocono mountains	<dbpedia:Pocono_Mountains>	0
trec-2012-5_2	pocono mountains	<dbpedia:Pocono_Mountains>	0
trec-2012-5_3	pocono mountains	<dbpedia:Pocono_Mountains>	0
trec-2012-67_2	Merck Manual	<dbpedia:Merck_Manual_of_Diagnosis_and_Therapy>	0
trec-2012-6_1	pennsylvania	<dbpedia:Pennsylvania>	0
trec-2012-6_1	pocono mountains	<dbpedia:Pocono_Mountains>	0
trec-2012-6_10	pocono mountains	<dbpedia:Pocono_Mountains>	0
trec-2012-6_2	pennsylvania	<dbpedia:Pennsylvania>	0
trec-2012-6_2	pocono mountains	<dbpedia:Pocono_Mountains>	0
trec-2012-6_3	pennsylvania	<dbpedia:Pennsylvania>	0
trec-2012-6_3	pocono mountains	<dbpedia:Pocono_Mountains>	0
trec-2012-6_4	camelbeach	<dbpedia:Camelbeach_Waterpark>	0
trec-2012-6_4	pocono mountains	<dbpedia:Pocono_Mountains>	0
trec-2012-6_5	camelbeach	<dbpedia:Camelbeach_Waterpark>	0
trec-2012-6_5	pocono mountains	<dbpedia:Pocono_Mountains>	0
trec-2012-6_6	pocono mountains	<dbpedia:Pocono_Mountains>	0
trec-2012-6_7	pocono mountains	<dbpedia:Pocono_Mountains>	0
trec-2012-6_8	pocono mountains	<dbpedia:Pocono_Mountains>	0
trec-2012-71_5	uk	<dbpedia:United_Kingdom>	0
trec-2012-74_2	UK	<dbpedia:United_Kingdom>	0
trec-2012-75_2	uk	<dbpedia:United_Kingdom>	0
trec-2012-77_2	uk	<dbpedia:United_Kingdom>	0
trec-2012-7_1	pocono	<dbpedia:Pocono_Mountains>	0
trec-2012-7_3	Philidelphia	<dbpedia:Philadelphia>	0
trec-2012-80_2	kenya	<dbpedia:Kenya>	0
trec-2012-80_2	swahili	<dbpedia:Swahili_coast>	0
trec-2012-81_2	kenya	<dbpedia:Kenya>	0
trec-2012-82_2	Kenyan	<dbpedia:Kenya>	0
trec-2012-83_1	kenya	<dbpedia:Kenya>	0
trec-2012-83_2	kenya	<dbpedia:Kenya>	0
trec-2012-83_2	swahili	<dbpedia:Swahili_coast>	0
trec-2012-83_3	www.allrecipes.com	<dbpedia:Allrecipes.com>	0
trec-2012-84_2	kenya	<dbpedia:Kenya>	0
trec-2012-87_3	Edison	<dbpedia:Thomas_Edison>	0
trec-2012-93_2	connecticut	<dbpedia:Connecticut>	0
trec-2013-104_1	IRS	<dbpedia:Internal_Revenue_Service>	0
trec-2013-105_1	uss abraham lincoln	<dbpedia:USS_Abraham_Lincoln_(CVN-72)>	0
trec-2013-105_1	uss abraham lincoln	<dbpedia:USS_Abraham_Lincoln_(SSBN-602)>	1
trec-2013-106_1	dulles airport	<dbpedia:Washington_Dulles_International_Airport>	0
trec-2013-108_1	Boston pops	<dbpedia:Boston_Pops_Orchestra>	0
trec-2013-110_1	Vanuatu	<dbpedia:Vanuatu>	0
trec-2013-120_1	Philadelphia	<dbpedia:Philadelphia>	0
trec-2013-121_1	Philadelphia	<dbpedia:Philadelphia>	0
trec-2013-124_1	god	<dbpedia:God>	0
trec-2013-125_1	god	<dbpedia:God>	0
trec-2013-126_1	africa	<dbpedia:Africa>	0
trec-2013-128_1	EU	<dbpedia:European_Union>	0
trec-2013-12_1	kansas city	<dbpedia:Kansas_City_metropolitan_area>	0
trec-2013-12_2	kansas city	<dbpedia:Kansas_City,_Missouri>	0
trec-2013-12_3	kansas city chiefs	<dbpedia:Kansas_City_Chiefs>	0
trec-2013-130_1	Jp Morgan Chase	<dbpedia:JPMorgan_Chase>	0
trec-2013-131_1	us	<dbpedia:United_States>	0
trec-2013-13_1	kansas city MO	<dbpedia:Kansas_City,_Missouri>	0
trec-2013-13_2	kansas city airport	<dbpedia:Kansas_City_International_Airport>	0
trec-2013-13_3	kansas city	<dbpedia:Kansas_City,_Missouri>	0
trec-2013-13_4	kansas city	<dbpedia:Kansas_City,_Missouri>	0
trec-2013-13_5	kansas city	<dbpedia:Kansas_City,_Missouri>	0
trec-2013-13_6	kansas city	<dbpedia:Kansas_City,_Missouri>	0
trec-2013-13_7	kansas city	<dbpedia:Kansas_City,_Missouri>	0
trec-2013-13_8	kansas city	<dbpedia:Kansas_City,_Missouri>	0
trec-2013-14_1	uk	<dbpedia:United_Kingdom>	0
trec-2013-14_2	uk	<dbpedia:United_Kingdom>	0
trec-2013-14_4	uk	<dbpedia:United_Kingdom>	0
trec-2013-17_1	jp morgan	<dbpedia:JPMorgan_Chase>	0
trec-2013-17_2	jp morgan	<dbpedia:JPMorgan_Chase>	0
trec-2013-17_3	jp morgan	<dbpedia:JPMorgan_Chase>	0
trec-2013-17_4	jp morgan	<dbpedia:JPMorgan_Chase>	0
trec-2013-17_5	jp morgan	<dbpedia:JPMorgan_Chase>	0
trec-2013-17_5	microsoft	<dbpedia:Microsoft>	0
trec-2013-18_1	JP Morgan Chase	<dbpedia:JPMorgan_Chase>	0
trec-2013-18_2	JP Morgan Chase	<dbpedia:JPMorgan_Chase>	0
trec-2013-18_3	JP Morgan Chase	<dbpedia:JPMorgan_Chase>	0
trec-2013-18_4	JP Morgan Chase	<dbpedia:JPMorgan_Chase>	0
trec-2013-18_5	JP Morgan Chase	<dbpedia:JPMorgan_Chase>	0
trec-2013-18_6	JP Morgan Chase	<dbpedia:JPMorgan_Chase>	0
trec-2013-18_7	JP Morgan Chase	<dbpedia:JPMorgan_Chase>	0
trec-2013-19_1	JP Morgan Chase	<dbpedia:JPMorgan_Chase>	0
trec-2013-19_2	JP Morgan Chase	<dbpedia:JPMorgan_Chase>	0
trec-2013-19_2	google	<dbpedia:Google>	0
trec-2013-19_3	JP Morgan Chase	<dbpedia:JPMorgan_Chase>	0
trec-2013-19_4	JP Morgan	<dbpedia:JPMorgan_Chase>	0
trec-2013-19_5	JP Morgan	<dbpedia:JPMorgan_Chase>	0
trec-2013-20_1	march madness	<dbpedia:NCAA_Men's_Division_I_Basketball_Championship>	0
trec-2013-20_10	march madness	<dbpedia:NCAA_Men's_Division_I_Basketball_Championship>	0
trec-2013-20_11	march madness	<dbpedia:NCAA_Men's_Division_I_Basketball_Championship>	0
trec-2013-20_5	march madness	<dbpedia:NCAA_Men's_Division_I_Basketball_Championship>	0
trec-2013-20_6	march madness	<dbpedia:NCAA_Men's_Division_I_Basketball_Championship>	0
trec-2013-20_9	march madness	<dbpedia:NCAA_Men's_Division_I_Basketball_Championship>	0
trec-2013-21_2	NCAA	<dbpedia:National_Collegiate_Athletic_Association>	0
trec-2013-21_2	march madness	<dbpedia:NCAA_Men's_Division_I_Basketball_Championship>	0
trec-2013-21_4	NCAA	<dbpedia:National_Collegiate_Athletic_Association>	0
trec-2013-21_6	NCAA	<dbpedia:National_Collegiate_Athletic_Association>	0
trec-2013-21_6	march madness	<dbpedia:NCAA_Men's_Division_I_Basketball_Championship>	0
trec-2013-21_7	NCAA	<dbpedia:National_Collegiate_Athletic_Association>	0
trec-2013-21_7	march madness	<dbpedia:NCAA_Men's_Division_I_Basketball_Championship>	0
trec-2013-22_2	Connie Culp	<dbpedia:Connie_Culp>	0
trec-2013-22_3	Connie Culp	<dbpedia:Connie_Culp>	0
trec-2013-22_5	Isabelle Dinoire	<dbpedia:Isabelle_Dinoire>	0
trec-2013-22_8	Isabelle	<dbpedia:Isabelle_Dinoire>	0
trec-2013-23_1	dulles airport	<dbpedia:Washington_Dulles_International_Airport>	0
trec-2013-23_2	dulles airport	<dbpedia:Washington_Dulles_International_Airport>	0
trec-2013-23_3	dulles	<dbpedia:Dulles,_Virginia>	0
trec-2013-23_4	dulles	<dbpedia:Dulles,_Virginia>	0
trec-2013-24_1	dulles airport	<dbpedia:Washington_Dulles_International_Airport>	0
trec-2013-24_2	dulles airport	<dbpedia:Washington_Dulles_International_Airport>	0
trec-2013-24_2	virginia	<dbpedia:Virginia>	0
trec-2013-24_3	dulles airport	<dbpedia:Washington_Dulles_International_Airport>	0
trec-2013-24_3	virginia	<dbpedia:Virginia>	0
trec-2013-25_1	Boston pops	<dbpedia:Boston_Pops_Orchestra>	0
trec-2013-25_2	Boston pops	<dbpedia:Boston_Pops_Orchestra>	0
trec-2013-26_2	Boston Pops	<dbpedia:Boston_Pops_Orchestra>	0
trec-2013-26_3	boston pops orchestra	<dbpedia:Boston_Pops_Orchestra>	0
trec-2013-26_4	boston pops orchestra	<dbpedia:Boston_Pops_Orchestra>	0
trec-2013-26_5	Boston Pops	<dbpedia:Boston_Pops_Orchestra>	0
trec-2013-26_6	Boston Pops	<dbpedia:Boston_Pops_Orchestra>	0
trec-2013-27_1	jeopardy	<dbpedia:Jeopardy!>	0
trec-2013-27_2	jeopardy	<dbpedia:Jeopardy!>	0
trec-2013-27_3	jeopardy	<dbpedia:Jeopardy!>	0
trec-2013-28_1	jeopardy	<dbpedia:Jeopardy!>	0
trec-2013-28_2	jeopardy	<dbpedia:Jeopardy!>	0
trec-2013-29_1	jeopardy	<dbpedia:Jeopardy!>	0
trec-2013-29_2	jeopardy	<dbpedia:Jeopardy!>	0
trec-2013-29_3	jeopardy	<dbpedia:Jeopardy!>	0
trec-2013-30_1	churchill downs	<dbpedia:Churchill_Downs>	0
trec-2013-30_2	churchill downs	<dbpedia:Churchill_Downs>	0
trec-2013-31_1	churchill downs	<dbpedia:Churchill_Downs>	0
trec-2013-31_2	churchill downs horse racing park	<dbpedia:Churchill_Downs>	0
trec-2013-31_4	churchill downs	<dbpedia:Churchill_Downs>	0
trec-2013-31_5	kentucky derby museum	<dbpedia:Kentucky_Derby_Museum>	0
trec-2013-31_6	churchilldowns.com	<dbpedia:Churchill_Downs>	0
trec-2013-31_9	churchill downs	<dbpedia:Churchill_Downs>	0
trec-2013-32_1	Churchill downs	<dbpedia:Churchill_Downs>	0
trec-2013-32_2	Churchill downs race	<dbpedia:Churchill_Downs>	0
trec-2013-32_3	Churchill downs	<dbpedia:Churchill_Downs>	0
trec-2013-32_4	Churchill downs	<dbpedia:Churchill_Downs>	0
trec-2013-32_4	Kentucky derby museum	<dbpedia:Kentucky_Derby_Museum>	0
trec-2013-37_1	State university of new york	<dbpedia:State_University_of_New_York>	0
trec-2013-37_2	State university of new york	<dbpedia:State_University_of_New_York>	0
trec-2013-38_1	SUNY colleges	<dbpedia:State_University_of_New_York>	0
trec-2013-38_2	SUNY albany	<dbpedia:University_at_Albany,_SUNY>	0
trec-2013-38_4	albany university	<dbpedia:University_at_Albany,_SUNY>	0
trec-2013-38_5	SUNY plattsburgh athletics	<dbpedia:State_University_of_New_York_at_Plattsburgh>	0
trec-2013-39_1	suny colleges	<dbpedia:State_University_of_New_York>	0
trec-2013-39_2	number of suny colleges	<dbpedia:State_University_of_New_York>	0
trec-2013-39_3	suny college	<dbpedia:State_University_of_New_York>	0
trec-2013-39_4	suny albany	<dbpedia:University_at_Albany,_SUNY>	0
trec-2013-39_5	albany hospital	<dbpedia:Albany_Medical_Center_Hospital>	0
trec-2013-39_5	ny	<dbpedia:New_York>	0
trec-2013-41_1	obama	<dbpedia:Barack_Obama>	0
trec-2013-41_2	obama	<dbpedia:Barack_Obama>	0
trec-2013-45_1	red bull drink	<dbpedia:Red_Bull>	0
trec-2013-45_2	red bull drink	<dbpedia:Red_Bull>	0
trec-2013-45_3	red bull	<dbpedia:Red_Bull>	0
trec-2013-46_1	Red Bull	<dbpedia:Red_Bull>	0
trec-2013-46_2	Red Bull	<dbpedia:Red_Bull>	0
trec-2013-46_4	red bull	<dbpedia:Red_Bull>	0
trec-2013-46_5	red bull drink	<dbpedia:Red_Bull>	0
trec-2013-46_6	red bull	<dbpedia:Red_Bull>	0
trec-2013-46_7	red bull	<dbpedia:Red_Bull>	0
trec-2013-46_8	US	<dbpedia:United_States>	0
trec-2013-46_8	red bull	<dbpedia:Red_Bull>	0
trec-2013-48_4	uk	<dbpedia:United_Kingdom>	0
trec-2013-52_3	switzerland	<dbpedia:Switzerland>	0
trec-2013-52_5	us	<dbpedia:United_States>	0
trec-2013-57_11	asia	<dbpedia:Asia>	0
trec-2013-57_3	east asia	<dbpedia:East_Asia>	0
trec-2013-57_4	east asia	<dbpedia:East_Asia>	0
trec-2013-57_5	east asia	<dbpedia:East_Asia>	0
trec-2013-58_1	Europe	<dbpedia:Europe>	0
trec-2013-58_3	EUROPEAN UNION	<dbpedia:European_Union>	0
trec-2013-58_3	greece	<dbpedia:Greece>	0
trec-2013-58_4	EUROPEAN UNION	<dbpedia:European_Union>	0
trec-2013-58_4	portugal	<dbpedia:Portugal>	0
trec-2013-58_5	EUROPEAN UNION	<dbpedia:European_Union>	0
trec-2013-58_5	spain	<dbpedia:Spain>	0
trec-2013-60_1	portugal	<dbpedia:Portugal>	0
trec-2013-60_2	spain	<dbpedia:Spain>	0
trec-2013-60_3	spain	<dbpedia:Spain>	0
trec-2013-60_4	ireland	<dbpedia:Ireland>	0
trec-2013-60_5	ireland	<dbpedia:Ireland>	0
trec-2013-60_7	cyprus	<dbpedia:Cyprus>	0
trec-2013-62_6	getaways	<dbpedia:Getaway>	0
trec-2013-62_7	getaways	<dbpedia:Getaway>	0
trec-2013-67_1	god	<dbpedia:God>	0
trec-2013-68_4	USA	<dbpedia:United_States>	0
trec-2013-69_1	africa	<dbpedia:Africa>	0
trec-2013-69_2	africa	<dbpedia:Africa>	0
trec-2013-6_3	uk	<dbpedia:United_Kingdom>	0
trec-2013-6_4	uk	<dbpedia:United_Kingdom>	0
trec-2013-6_5	united kingdom	<dbpedia:United_Kingdom>	0
trec-2013-6_6	-usa	<dbpedia:United_States>	0
trec-2013-70_1	Africa	<dbpedia:Africa>	0
trec-2013-70_2	Africa	<dbpedia:Africa>	0
trec-2013-70_3	Africa	<dbpedia:Africa>	0
trec-2013-70_4	Africa	<dbpedia:Africa>	0
trec-2013-70_5	Africa	<dbpedia:Africa>	0
trec-2013-76_3	uk	<dbpedia:United_Kingdom>	0
trec-2013-77_2	un	<dbpedia:United_Nations>	0
trec-2013-77_3	UN	<dbpedia:United_Nations>	0
trec-2013-84_2	hawaii	<dbpedia:Hawaii>	0
trec-2013-85_2	Los Angeles	<dbpedia:Los_Angeles>	0
trec-2013-85_3	Los Angeles	<dbpedia:Los_Angeles>	0
trec-2013-86_1	New York City	<dbpedia:New_York_City>	0
trec-2013-86_2	Chicago	<dbpedia:Chicago>	0
trec-2013-86_3	Washington DC	<dbpedia:Washington,_D.C.>	0
trec-2013-87_1	us	<dbpedia:United_States>	0
trec-2013-87_10	boston	<dbpedia:Boston>	0
trec-2013-87_11	nyc	<dbpedia:New_York_City>	0
trec-2013-87_12	nyc	<dbpedia:New_York_City>	0
trec-2013-87_12	philadelphia	<dbpedia:Philadelphia>	0
trec-2013-87_13	philadelphia	<dbpedia:Philadelphia>	0
trec-2013-87_13	washington dc	<dbpedia:Washington,_D.C.>	0
trec-2013-87_14	philadelphia	<dbpedia:Philadelphia>	0
trec-2013-87_15	washington dc	<dbpedia:Washington,_D.C.>	0
trec-2013-87_16	nyc	<dbpedia:New_York_City>	0
trec-2013-87_16	philadelphia	<dbpedia:Philadelphia>	0
trec-2013-87_17	nyc	<dbpedia:New_York_City>	0
trec-2013-87_17	philadelphia	<dbpedia:Philadelphia>	0
trec-2013-87_18	nyc	<dbpedia:New_York_City>	0
trec-2013-87_18	philadelphia	<dbpedia:Philadelphia>	0
trec-2013-87_2	boston	<dbpedia:Boston>	0
trec-2013-87_2	new york	<dbpedia:New_York>	0
trec-2013-87_3	maps.bing.com	<dbpedia:Bing_Maps>	0
trec-2013-87_5	bing maps	<dbpedia:Bing_Maps>	0
trec-2013-87_6	hartford	<dbpedia:Hartford,_Connecticut>	0
trec-2013-87_7	hartford	<dbpedia:Hartford,_Connecticut>	0
trec-2013-87_8	hartford connecticut	<dbpedia:Hartford,_Connecticut>	0
trec-2013-87_9	boston	<dbpedia:Boston>	0
trec-2013-87_9	hartford	<dbpedia:Hartford,_Connecticut>	0
trec-2013-89_1	ron howard	<dbpedia:Ron_Howard>	0
trec-2013-93_1	(Black OR african-american) history month	<dbpedia:Black_History_Month>	0
trec-2013-94_1	Black history month	<dbpedia:Black_History_Month>	0
trec-2013-95_1	new york city	<dbpedia:New_York_City>	0
trec-2013-99_1	Kansas	<dbpedia:Kansas>	0
yahoo-101_3	dockers	<dbpedia:Dockers>	0
yahoo-101_4	kristen stewart	<dbpedia:Kristen_Stewart>	0
yahoo-101_5	area code 503	<dbpedia:Area_codes_503_and_971>	0
yahoo-101_6	area code 503	<dbpedia:Area_codes_503_and_971>	0
yahoo-104_3	yahoo! games	<dbpedia:Yahoo!_Games>	0
yahoo-104_5	gooo	<dbpedia:Go-oo>	0
yahoo-104_6	google	<dbpedia:Google>	0
yahoo-106_1	brian stann	<dbpedia:Brian_Stann>	0
yahoo-112_1	bj's	<dbpedia:BJ's_Restaurant_&_Brewery>	1
yahoo-112_1	bj's	<dbpedia:BJ's_Wholesale_Club>	0
yahoo-113_4	kelly carlson	<dbpedia:Kelly_Carlson>	0
yahoo-117_1	jenner	<dbpedia:Kris_Jenner>	0
yahoo-117_3	john mccain	<dbpedia:John_McCain>	0
yahoo-118_1	surface	<dbpedia:Microsoft_Surface>	0
yahoo-119_1	netflix	<dbpedia:Netflix>	0
yahoo-123_1	psd401	<dbpedia:Peninsula_School_District>	0
yahoo-125_1	new york	<dbpedia:New_York_City>	0
yahoo-125_1	times square church	<dbpedia:Times_Square_Church>	0
yahoo-126_10	london	<dbpedia:London>	0
yahoo-126_10	yahoo	<dbpedia:Yahoo!>	0
yahoo-126_11	yahoo	<dbpedia:Yahoo!>	0
yahoo-126_2	iphone	<dbpedia:IPhone>	0
yahoo-126_3	iphone 5	<dbpedia:IPhone_5>	0
yahoo-126_4	jim mora	<dbpedia:Jim_E._Mora>	2
yahoo-126_4	jim mora	<dbpedia:Jim_L._Mora>	1
yahoo-126_4	jim mora	<dbpedia:Jim_Mora_(broadcaster)>	0
yahoo-126_7	yahoo	<dbpedia:Yahoo!>	0
yahoo-126_8	yahoo mail	<dbpedia:Yahoo!_Mail>	0
yahoo-126_9	yahoo mail	<dbpedia:Yahoo!_Mail>	0
yahoo-127_1	grandville, mi	<dbpedia:Grandville,_Michigan>	0
yahoo-127_2	drudge report	<dbpedia:Drudge_Report>	0
yahoo-128_4	cambridge	<dbpedia:University_of_Cambridge>	0
yahoo-128_5	cambridge engineering	<dbpedia:Department_of_Engineering,_University_of_Cambridge>	0
yahoo-128_6	cambridge	<dbpedia:University_of_Cambridge>	0
yahoo-129_2	irvine california	<dbpedia:Irvine,_California>	0
yahoo-130_1	linkedin	<dbpedia:LinkedIn>	0
yahoo-131_1	aol.com	<dbpedia:AOL>	0
yahoo-131_2	aol.com mail	<dbpedia:AOL_Mail>	0
yahoo-132_1	detroit	<dbpedia:Detroit>	0
yahoo-132_2	laurel park mall	<dbpedia:Laurel_Park_Place>	0
yahoo-135_1	cebu pacific airlines	<dbpedia:Cebu_Pacific>	0
yahoo-135_2	cebu pacific airlines	<dbpedia:Cebu_Pacific>	0
yahoo-136_1	halo 4	<dbpedia:Halo_4>	0
yahoo-137_1	solo's	<dbpedia:Hope_Solo>	0
yahoo-138_1	accord	<dbpedia:Honda_Accord>	0
yahoo-138_10	equinox	<dbpedia:Chevrolet_Equinox>	0
yahoo-138_11	lacrosse buick	<dbpedia:Buick_LaCrosse>	0
yahoo-138_12	taurus	<dbpedia:Ford_Taurus>	0
yahoo-138_13	camry	<dbpedia:Toyota_Camry>	0
yahoo-138_14	camry	<dbpedia:Toyota_Camry>	0
yahoo-138_15	cx5	<dbpedia:Mazda_CX-5>	0
yahoo-138_16	mustang	<dbpedia:Ford_Mustang>	0
yahoo-138_17	malibu	<dbpedia:Chevrolet_Malibu>	0
yahoo-138_18	malibu	<dbpedia:Chevrolet_Malibu>	0
yahoo-138_19	malibu	<dbpedia:Chevrolet_Malibu>	0
yahoo-138_2	altima	<dbpedia:Nissan_Altima>	0
yahoo-138_3	altima	<dbpedia:Nissan_Altima>	0
yahoo-138_4	accord	<dbpedia:Honda_Accord>	0
yahoo-138_5	accord	<dbpedia:Honda_Accord>	0
yahoo-138_7	accord	<dbpedia:Honda_Accord>	0
yahoo-138_8	kia optima	<dbpedia:Kia_Optima>	0
yahoo-139_3	dewayne wade	<dbpedia:Dwyane_Wade>	0
yahoo-139_4	elizabeth banks	<dbpedia:Elizabeth_Banks>	0
yahoo-139_5	illinois lottery	<dbpedia:Illinois_State_Lottery>	0
yahoo-139_6	lens crafters	<dbpedia:LensCrafters>	0
yahoo-13_1	lark voorhies	<dbpedia:Lark_Voorhies>	0
yahoo-13_10	facebook	<dbpedia:Facebook>	0
yahoo-13_12	yahoo! mail	<dbpedia:Yahoo!_Mail>	0
yahoo-13_13	yahoo	<dbpedia:Yahoo!>	0
yahoo-13_15	india	<dbpedia:India>	0
yahoo-13_15	yahoo mail	<dbpedia:Yahoo!_Mail>	0
yahoo-13_16	yahoo mail plus	<dbpedia:Yahoo!_Mail>	0
yahoo-13_17	facebook	<dbpedia:Facebook>	0
yahoo-13_3	yahoo!	<dbpedia:Yahoo!>	0
yahoo-13_6	presidents day	<dbpedia:Washington's_Birthday>	0
yahoo-140_1	bob dole	<dbpedia:Bob_Dole>	0
yahoo-140_11	shia labeouf	<dbpedia:Shia_LaBeouf>	0
yahoo-140_3	adam levine	<dbpedia:Adam_Levine>	0
yahoo-140_4	dancing with the stars	<dbpedia:Dancing_with_the_Stars_(U.S._TV_series)>	0
yahoo-140_7	jeb bush	<dbpedia:Jeb_Bush>	0
yahoo-140_8	bentleyschool.net	<dbpedia:Bentley_School>	0
yahoo-140_9	jack pardee	<dbpedia:Jack_Pardee>	0
yahoo-144_1	springfield mo	<dbpedia:Springfield,_Missouri>	0
yahoo-147_1	jengka	<dbpedia:Bandar_Pusat_Jengka>	0
yahoo-147_1	uitm	<dbpedia:Universiti_Teknologi_MARA>	0
yahoo-148_1	gmail	<dbpedia:Gmail>	0
yahoo-149_1	espn	<dbpedia:ESPN>	0
yahoo-14_1	mouseketeer	<dbpedia:The_Mickey_Mouse_Club>	0
yahoo-150_1	obama	<dbpedia:Barack_Obama>	0
yahoo-155_1	tumblr	<dbpedia:Tumblr>	0
yahoo-155_2	tumblr	<dbpedia:Tumblr>	0
yahoo-155_3	tumblr	<dbpedia:Tumblr>	0
yahoo-155_4	tumblr	<dbpedia:Tumblr>	0
yahoo-164_3	dirty jobs	<dbpedia:Dirty_Jobs>	0
yahoo-165_1	converse	<dbpedia:Converse_(shoe_company)>	0
yahoo-167_1	oklahoma school of science and mathematics	<dbpedia:Oklahoma_School_of_Science_and_Mathematics>	0
yahoo-168_1	windows 2000	<dbpedia:Windows_2000>	0
yahoo-168_2	pa	<dbpedia:Pennsylvania>	0
yahoo-169_1	white house	<dbpedia:White_House>	0
yahoo-169_2	texas	<dbpedia:Texas>	0
yahoo-170_1	valerie eliot	<dbpedia:Valerie_Eliot>	0
yahoo-171_1	ky	<dbpedia:Kentucky>	0
yahoo-173_1	va	<dbpedia:Virginia>	0
yahoo-176_1	samsung	<dbpedia:Samsung>	0
yahoo-178_1	aetv	<dbpedia:A&E_(TV_channel)>	0
yahoo-179_1	comcast	<dbpedia:Comcast>	0
yahoo-17_1	starship troopers 2	<dbpedia:Starship_Troopers_2:_Hero_of_the_Federation>	0
yahoo-184_1	danica patrick	<dbpedia:Danica_Patrick>	0
yahoo-184_3	oksana baiul	<dbpedia:Oksana_Baiul>	0
yahoo-186_2	linc inc	<dbpedia:LINC>	0
yahoo-186_3	linc	<dbpedia:LINC>	0
yahoo-186_4	indeed.com	<dbpedia:Indeed.com>	0
yahoo-189_1	casa de campo	<dbpedia:Casa_de_Campo>	0
yahoo-189_3	best buy	<dbpedia:Best_Buy>	0
yahoo-18_1	esther phillips	<dbpedia:Esther_Phillips>	0
yahoo-18_2	facebook.com	<dbpedia:Facebook>	0
yahoo-18_5	texas	<dbpedia:Texas>	0
yahoo-190_2	gucci	<dbpedia:Gucci>	0
yahoo-192_1	elizabeth essex	<dbpedia:Elizabeth_Capell,_Countess_of_Essex>	0
yahoo-192_4	universal sports	<dbpedia:Universal_Sports>	0
yahoo-196_1	hamas	<dbpedia:Hamas>	0
yahoo-196_2	kim kardashian	<dbpedia:Kim_Kardashian>	0
yahoo-197_1	icbc	<dbpedia:Industrial_and_Commercial_Bank_of_China>	0
yahoo-197_10	penelope cruz	<dbpedia:Penélope_Cruz>	0
yahoo-197_12	iran	<dbpedia:Iran>	0
yahoo-197_13	xbox 360	<dbpedia:Xbox_360>	0
yahoo-197_14	xm radio	<dbpedia:XM_Satellite_Radio>	0
yahoo-197_2	penticton bc	<dbpedia:Penticton>	0
yahoo-197_3	penticton bc canada	<dbpedia:Penticton>	0
yahoo-197_4	penticton bc	<dbpedia:Penticton>	0
yahoo-197_5	penticton bc	<dbpedia:Penticton>	0
yahoo-197_6	penticton bc	<dbpedia:Penticton>	0
yahoo-197_7	penticton	<dbpedia:Penticton>	0
yahoo-197_8	penticton herald	<dbpedia:Penticton_Herald>	0
yahoo-197_9	pentagon	<dbpedia:The_Pentagon>	0
yahoo-198_1	bieber	<dbpedia:Justin_Bieber>	0
yahoo-199_2	heidi klum	<dbpedia:Heidi_Klum>	0
yahoo-1_2	amazon	<dbpedia:Amazon.com>	0
yahoo-1_4	douglas kennedy	<dbpedia:Douglas_Harriman_Kennedy>	0
yahoo-1_5	aetna	<dbpedia:Aetna>	0
yahoo-200_1	river phoenix	<dbpedia:River_Phoenix>	0
yahoo-200_3	movember	<dbpedia:Movember>	0
yahoo-201_1	billy scott	<dbpedia:Billy_Scott_(singer)>	0
yahoo-201_2	myrtle beach sc	<dbpedia:Myrtle_Beach,_South_Carolina>	0
yahoo-201_3	myrtle beach sc	<dbpedia:Myrtle_Beach,_South_Carolina>	0
yahoo-201_5	myrtle beach	<dbpedia:Myrtle_Beach,_South_Carolina>	0
yahoo-202_1	cnnsi	<dbpedia:CNN_Sports_Illustrated>	0
yahoo-204_1	firefox	<dbpedia:Firefox>	0
yahoo-205_1	black friday	<dbpedia:Black_Friday_(shopping)>	0
yahoo-205_1	walmart	<dbpedia:Walmart>	0
yahoo-205_2	black friday	<dbpedia:Black_Friday_(shopping)>	0
yahoo-209_2	usc	<dbpedia:University_of_Southern_California>	0
yahoo-20_1	the big bang theory	<dbpedia:The_Big_Bang_Theory>	0
yahoo-20_2	ditka	<dbpedia:Mike_Ditka>	0
yahoo-20_4	jc penney	<dbpedia:J._C._Penney>	0
yahoo-20_5	walmart.com	<dbpedia:Walmart>	0
yahoo-210_1	burlington wisconsin	<dbpedia:Burlington,_Wisconsin>	0
yahoo-213_1	msn.com	<dbpedia:MSN>	0
yahoo-215_1	bass pro shoppe	<dbpedia:Bass_Pro_Shops>	0
yahoo-219_1	mexico	<dbpedia:Mexico>	0
yahoo-219_1	yahoo	<dbpedia:Yahoo!>	0
yahoo-219_3	twitter	<dbpedia:Twitter>	0
yahoo-21_1	w.c.handy	<dbpedia:W._C._Handy>	0
yahoo-21_2	williamstown vt	<dbpedia:Williamstown,_Vermont>	0
yahoo-220_1	samsung galaxy siii	<dbpedia:Samsung_Galaxy_S_III>	0
yahoo-220_3	iphone5	<dbpedia:IPhone_5>	0
yahoo-223_1	southwest	<dbpedia:Southwest_Airlines>	0
yahoo-226_1	deborah raffin	<dbpedia:Deborah_Raffin>	0
yahoo-226_4	life of pi	<dbpedia:Life_of_Pi>	0
yahoo-226_5	hector camacho	<dbpedia:Héctor_Camacho>	0
yahoo-229_4	att.com	<dbpedia:AT&T>	0
yahoo-22_1	pandora	<dbpedia:Pandora_Radio>	0
yahoo-232_1	katy perry	<dbpedia:Katy_Perry>	0
yahoo-233_2	ooVoo	<dbpedia:OoVoo>	0
yahoo-235_1	oprah life class	<dbpedia:Oprah's_Lifeclass>	0
yahoo-235_2	ted	<dbpedia:TED_(conference)>	0
yahoo-235_2	ted	<dbpedia:Ted_(film)>	1
yahoo-235_6	newport beach	<dbpedia:Newport_Beach,_California>	0
yahoo-235_7	newport beach	<dbpedia:Newport_Beach,_California>	0
yahoo-235_8	corona del mar	<dbpedia:Corona_del_Mar,_Newport_Beach>	0
yahoo-236_2	party city	<dbpedia:Party_City>	0
yahoo-236_3	bath and body works	<dbpedia:Bath_&_Body_Works>	0
yahoo-236_6	yellowpages	<dbpedia:Yellow_pages>	0
yahoo-237_1	websters dictionary	<dbpedia:Webster's_Dictionary>	0
yahoo-237_3	gmail	<dbpedia:Gmail>	0
yahoo-237_4	monster.com	<dbpedia:Monster.com>	0
yahoo-237_5	google.com	<dbpedia:Google>	0
yahoo-239_1	weeworld	<dbpedia:WeeWorld>	0
yahoo-240_3	aol	<dbpedia:AOL>	0
yahoo-240_4	buffalo wild wing	<dbpedia:Buffalo_Wild_Wings>	0
yahoo-243_1	anne hathaway	<dbpedia:Anne_Hathaway>	0
yahoo-244_1	juventus	<dbpedia:Juventus_F.C.>	0
yahoo-245_1	yahoo! weather	<dbpedia:Yahoo!>	0
yahoo-246_1	north korean assassination weapons	<dbpedia:North_Korea>	0
yahoo-246_2	oprah	<dbpedia:Oprah_Winfrey>	0
yahoo-246_3	jaco costa rica	<dbpedia:Jacó,_Costa_Rica>	0
yahoo-246_4	costa rica	<dbpedia:Costa_Rica>	0
yahoo-246_5	costa rica	<dbpedia:Costa_Rica>	0
yahoo-246_5	four seasons	<dbpedia:Four_Seasons_Hotels_and_Resorts>	0
yahoo-246_6	costa rica	<dbpedia:Costa_Rica>	0
yahoo-248_1	carol burnett	<dbpedia:Carol_Burnett>	0
yahoo-248_11	mi	<dbpedia:Michigan>	0
yahoo-248_13	miss universe	<dbpedia:Miss_Universe>	0
yahoo-248_14	mister rogers	<dbpedia:Mister_Rogers'_Neighborhood>	0
yahoo-248_3	yahoo! deals	<dbpedia:Yahoo!>	0
yahoo-248_5	death of a salesman	<dbpedia:Death_of_a_Salesman>	0
yahoo-248_6	penn state	<dbpedia:Pennsylvania_State_University>	0
yahoo-248_7	rizal	<dbpedia:José_Rizal>	0
yahoo-24_1	kgrs	<dbpedia:KGRS>	0
yahoo-24_2	scciowa	<dbpedia:Southeastern_Community_College_(Iowa)>	0
yahoo-250_1	israel	<dbpedia:Israel>	0
yahoo-251_2	michael cuddyer	<dbpedia:Michael_Cuddyer>	0
yahoo-251_3	michael curry	<dbpedia:Michael_Curry>	0
yahoo-251_5	yahoo!	<dbpedia:Yahoo!>	0
yahoo-251_6	brenda song	<dbpedia:Brenda_Song>	0
yahoo-251_7	los angeles	<dbpedia:Los_Angeles>	0
yahoo-251_8	los angeles	<dbpedia:Los_Angeles>	0
yahoo-251_9	los angeles	<dbpedia:Los_Angeles>	0
yahoo-252_1	legalzoom	<dbpedia:LegalZoom>	0
yahoo-254_1	makita	<dbpedia:Makita>	0
yahoo-254_2	banco santander brasil	<dbpedia:Santander_Brasil>	0
yahoo-254_5	bodog	<dbpedia:Bodog>	0
yahoo-255_1	twinkies	<dbpedia:Twinkie>	0
yahoo-257_2	apple	<dbpedia:Apple_Inc.>	0
yahoo-258_1	hugh grant	<dbpedia:Hugh_Grant>	0
yahoo-260_1	florida	<dbpedia:Florida>	0
yahoo-264_1	fay observer	<dbpedia:The_Fayetteville_Observer>	0
yahoo-266_2	office depot	<dbpedia:Office_Depot>	0
yahoo-266_3	aqueduct race track	<dbpedia:Aqueduct_Racetrack>	0
yahoo-266_4	pakistan	<dbpedia:Pakistan>	0
yahoo-267_1	payless shoes	<dbpedia:Payless_ShoeSource>	0
yahoo-269_1	mapquest	<dbpedia:MapQuest>	0
yahoo-26_1	karl rove	<dbpedia:Karl_Rove>	0
yahoo-270_1	alternet	<dbpedia:AlterNet>	0
yahoo-271_2	the great gatsby	<dbpedia:The_Great_Gatsby_(1974_film)>	0
yahoo-273_1	james harden	<dbpedia:James_Harden>	0
yahoo-273_1	rockets	<dbpedia:Houston_Rockets>	0
yahoo-273_3	dicks	<dbpedia:Dick's_Sporting_Goods>	0
yahoo-273_4	adidas	<dbpedia:Adidas>	0
yahoo-273_5	macys	<dbpedia:Macy's>	0
yahoo-274_1	lexington county sc	<dbpedia:Lexington_County,_South_Carolina>	0
yahoo-275_1	facebook	<dbpedia:Facebook>	0
yahoo-277_1	cuban	<dbpedia:Mark_Cuban>	0
yahoo-277_1	trump	<dbpedia:Donald_Trump>	0
yahoo-279_3	reservation	<dbpedia:Indian_reservation>	0
yahoo-27_1	toys r us	<dbpedia:Toys_%22R%22_Us>	0
yahoo-27_2	new york state	<dbpedia:New_York>	0
yahoo-27_3	ny state	<dbpedia:New_York>	0
yahoo-281_2	sam elliot	<dbpedia:Sam_Elliott>	0
yahoo-282_1	newport	<dbpedia:Newport_Beach,_California>	0
yahoo-289_1	redsox	<dbpedia:Boston_Red_Sox>	0
yahoo-289_3	youtube	<dbpedia:YouTube>	0
yahoo-291_1	black friday	<dbpedia:Black_Friday_(shopping)>	0
yahoo-291_1	walmart	<dbpedia:Walmart>	0
yahoo-292_1	taylor lautner	<dbpedia:Taylor_Lautner>	0
yahoo-293_1	bbva compass	<dbpedia:BBVA_Compass>	0
yahoo-293_2	www.cpsenergy.com	<dbpedia:CPS_Energy>	0
yahoo-294_1	msft	<dbpedia:Microsoft>	0
yahoo-294_2	aa	<dbpedia:Alcoholics_Anonymous>	0
yahoo-295_1	yahoomusic.com	<dbpedia:Yahoo!_Music>	0
yahoo-298_1	lowes.com	<dbpedia:Lowe's>	0
yahoo-298_2	lowes	<dbpedia:Lowe's>	0
yahoo-29_2	bbt	<dbpedia:BB&T>	0
yahoo-29_6	youtube	<dbpedia:YouTube>	0
yahoo-300_1	romania	<dbpedia:Romania>	0
yahoo-300_3	red giant	<dbpedia:Red_Giant_Software>	0
yahoo-303_1	stagestores.com	<dbpedia:Stage_Stores_Inc.>	0
yahoo-305_1	arsenal	<dbpedia:Arsenal_F.C.>	0
yahoo-305_3	english premier league	<dbpedia:Premier_League>	0
yahoo-307_2	wal mart	<dbpedia:Walmart>	0
yahoo-308_1	mediacom cable	<dbpedia:Mediacom>	0
yahoo-308_2	first source bank	<dbpedia:1st_Source>	0
yahoo-308_3	ford	<dbpedia:Ford_Motor_Company>	0
yahoo-309_1	www.youtube.com	<dbpedia:YouTube>	0
yahoo-310_2	ebay	<dbpedia:EBay>	0
yahoo-311_2	autotrader	<dbpedia:AutoTrader.com>	0
yahoo-311_4	costco	<dbpedia:Costco>	0
yahoo-311_5	target	<dbpedia:Target_Corporation>	0
yahoo-312_1	brett michaels	<dbpedia:Bret_Michaels>	0
yahoo-313_1	hulu	<dbpedia:Hulu>	0
yahoo-315_1	bon jovi's	<dbpedia:Bon_Jovi>	0
yahoo-319_1	black friday	<dbpedia:Black_Friday_(shopping)>	0
yahoo-319_1	ipad 2	<dbpedia:IPad_2>	0
yahoo-321_1	pinterest	<dbpedia:Pinterest>	0
yahoo-321_3	yellow pages	<dbpedia:Yellow_pages>	0
yahoo-321_5	hamilton beach	<dbpedia:Hamilton_Beach_Brands>	0
yahoo-321_7	vermontville	<dbpedia:Vermontville,_Michigan>	0
yahoo-321_8	the vermont country store	<dbpedia:Vermont_Country_Store>	0
yahoo-322_2	adele	<dbpedia:Adele>	0
yahoo-322_3	adventure time	<dbpedia:Adventure_Time>	0
yahoo-322_4	adventure time	<dbpedia:Adventure_Time>	0
yahoo-322_5	rule 34	<dbpedia:Rule_34_(novel)>	0
yahoo-323_1	giant eagle	<dbpedia:Giant_Eagle>	0
yahoo-324_1	charter	<dbpedia:Charter_Communications>	0
yahoo-325_1	michael jordan	<dbpedia:Michael_Jordan>	0
yahoo-325_2	kanye west	<dbpedia:Kanye_West>	0
yahoo-327_1	w l weller	<dbpedia:W._L._Weller>	0
yahoo-327_2	youtube.com	<dbpedia:YouTube>	0
yahoo-327_3	queen latifah	<dbpedia:Queen_Latifah>	0
yahoo-327_4	ovguide	<dbpedia:OVGuide>	0
yahoo-328_1	infinity dish	<dbpedia:Dish_Network>	0
yahoo-32_1	ford fiesta	<dbpedia:Ford_Fiesta>	0
yahoo-330_1	hu jintao	<dbpedia:Hu_Jintao>	0
yahoo-334_1	ebay.com	<dbpedia:EBay>	0
yahoo-334_2	ups.com	<dbpedia:United_Parcel_Service>	0
yahoo-334_3	coldwater ohio	<dbpedia:Coldwater,_Ohio>	0
yahoo-335_1	windows	<dbpedia:Microsoft_Windows>	0
yahoo-336_2	macho camacho	<dbpedia:Héctor_Camacho>	0
yahoo-336_3	price is right	<dbpedia:The_Price_Is_Right>	0
yahoo-336_4	honey boo boo	<dbpedia:Here_Comes_Honey_Boo_Boo>	0
yahoo-336_5	wanda jackson	<dbpedia:Wanda_Jackson>	0
yahoo-336_9	yahoo!	<dbpedia:Yahoo!>	0
yahoo-33_1	north korea	<dbpedia:North_Korea>	0
yahoo-33_2	maria sharapova	<dbpedia:Maria_Sharapova>	0
yahoo-340_1	jamie grace	<dbpedia:Jamie_Grace>	0
yahoo-340_3	clayton state university	<dbpedia:Clayton_State_University>	0
yahoo-340_4	guy fieri	<dbpedia:Guy_Fieri>	0
yahoo-341_2	mackenzie foy	<dbpedia:Mackenzie_Foy>	0
yahoo-341_3	mackenzie childs	<dbpedia:MacKenzie-Childs>	0
yahoo-341_4	hernando county	<dbpedia:Hernando_County,_Florida>	0
yahoo-341_5	spring hill	<dbpedia:Spring_Hill,_Florida>	0
yahoo-346_1	midwest	<dbpedia:Midwestern_United_States>	0
yahoo-346_1	wonderware	<dbpedia:Wonderware>	0
yahoo-347_1	savemart	<dbpedia:Save_Mart_Supermarkets>	0
yahoo-349_2	denise richards	<dbpedia:Denise_Richards>	0
yahoo-352_2	evan rachel wood	<dbpedia:Evan_Rachel_Wood>	0
yahoo-352_3	pascual perez	<dbpedia:Pascual_Pérez_(baseball)>	0
yahoo-353_1	cinque terre	<dbpedia:Cinque_Terre>	0
yahoo-354_3	camacho	<dbpedia:Héctor_Camacho>	0
yahoo-355_1	twitter	<dbpedia:Twitter>	0
yahoo-357_1	www.facebook.com	<dbpedia:Facebook>	0
yahoo-35_1	amc	<dbpedia:AMC_(TV_channel)>	0
yahoo-35_1	breaking bad	<dbpedia:Breaking_Bad>	0
yahoo-360_1	hayden panettiere	<dbpedia:Hayden_Panettiere>	0
yahoo-360_2	lindsay lohan	<dbpedia:Lindsay_Lohan>	0
yahoo-361_2	wdbj7	<dbpedia:WDBJ>	0
yahoo-361_3	wqut	<dbpedia:WQUT>	0
yahoo-366_1	cate blanchett	<dbpedia:Cate_Blanchett>	0
yahoo-367_1	apple's	<dbpedia:Apple_Inc.>	0
yahoo-370_1	nicholas hoult	<dbpedia:Nicholas_Hoult>	0
yahoo-370_4	philadelphia pa	<dbpedia:Philadelphia>	0
yahoo-370_4	st joseph university	<dbpedia:Saint_Joseph's_University>	0
yahoo-371_1	coldwell banker	<dbpedia:Coldwell_Banker>	0
yahoo-371_4	vibram shoes	<dbpedia:Vibram>	0
yahoo-371_5	ryka shoes	<dbpedia:Rykä>	0
yahoo-371_6	nike	<dbpedia:Nike,_Inc.>	0
yahoo-371_8	big lots	<dbpedia:Big_Lots>	0
yahoo-372_1	africa	<dbpedia:Africa>	0
yahoo-375_1	les miserables	<dbpedia:Les_Misérables>	0
yahoo-375_1	les miserables	<dbpedia:Les_Misérables_(2012_film)>	2
yahoo-375_1	les miserables	<dbpedia:Les_Misérables_(musical)>	1
yahoo-375_2	lamborghini reventon	<dbpedia:Lamborghini_Reventón>	0
yahoo-379_3	climax mine	<dbpedia:Climax_mine>	0
yahoo-379_4	climax mine	<dbpedia:Climax_mine>	0
yahoo-379_4	leadville	<dbpedia:Leadville,_Colorado>	0
yahoo-379_5	google earth	<dbpedia:Google_Earth>	0
yahoo-379_7	bob berg	<dbpedia:Bob_Berg>	0
yahoo-37_1	steve nash	<dbpedia:Steve_Nash>	0
yahoo-37_2	george lucas	<dbpedia:George_Lucas>	0
yahoo-37_3	green day	<dbpedia:Green_Day>	0
yahoo-37_3	twilight	<dbpedia:The_Twilight_Saga:_Breaking_Dawn_–_Part_2>	0
yahoo-380_1	usaa	<dbpedia:USAA>	0
yahoo-382_1	blic	<dbpedia:Blic>	0
yahoo-382_2	kurir	<dbpedia:Kurir>	0
yahoo-383_2	detroit news	<dbpedia:The_Detroit_News>	0
yahoo-384_1	philippine daily inquirer	<dbpedia:Philippine_Daily_Inquirer>	0
yahoo-385_1	dominos pizzas	<dbpedia:Domino's_Pizza>	0
yahoo-385_10	papa johns	<dbpedia:Papa_John's_Pizza>	0
yahoo-385_11	papa johns	<dbpedia:Papa_John's_Pizza>	0
yahoo-385_12	papa johns	<dbpedia:Papa_John's_Pizza>	0
yahoo-385_2	papa john	<dbpedia:Papa_John's_Pizza>	0
yahoo-385_3	papa johns	<dbpedia:Papa_John's_Pizza>	0
yahoo-385_5	papa johns	<dbpedia:Papa_John's_Pizza>	0
yahoo-385_6	papa johns	<dbpedia:Papa_John's_Pizza>	0
yahoo-385_7	papa johns	<dbpedia:Papa_John's_Pizza>	0
yahoo-385_8	papa johns	<dbpedia:Papa_John's_Pizza>	0
yahoo-385_9	papa johns	<dbpedia:Papa_John's_Pizza>	0
yahoo-389_2	cs monitor	<dbpedia:The_Christian_Science_Monitor>	0
yahoo-392_1	samsung	<dbpedia:Samsung>	0
yahoo-393_2	sears	<dbpedia:Sears>	0
yahoo-394_1	carlyle illinois	<dbpedia:Carlyle,_Illinois>	0
yahoo-394_2	google	<dbpedia:Google>	0
yahoo-394_2	youtube	<dbpedia:YouTube>	0
yahoo-395_2	darrell royal	<dbpedia:Darrell_Royal>	0
yahoo-395_3	diane sawyer	<dbpedia:Diane_Sawyer>	0
yahoo-395_5	eva longoria	<dbpedia:Eva_Longoria>	0
yahoo-397_1	www.cnn news	<dbpedia:CNN>	0
yahoo-398_3	clinton	<dbpedia:Hillary_Rodham_Clinton>	0
yahoo-398_4	mayim bialik	<dbpedia:Mayim_Bialik>	0
yahoo-39_1	zig ziglar	<dbpedia:Zig_Ziglar>	0
yahoo-3_1	nordstrom	<dbpedia:Nordstrom>	0
yahoo-400_1	bdubs	<dbpedia:Buffalo_Wild_Wings>	0
yahoo-402_1	downtown san antonio	<dbpedia:Downtown_San_Antonio>	0
yahoo-405_1	cal dmv	<dbpedia:California_Department_of_Motor_Vehicles>	0
yahoo-405_2	eden's edge	<dbpedia:Edens_Edge>	0
yahoo-405_4	nook	<dbpedia:Barnes_&_Noble_Nook>	0
yahoo-405_6	yahoo! news	<dbpedia:Yahoo!_News>	0
yahoo-407_1	bobby hebert	<dbpedia:Bobby_Hebert>	0
yahoo-407_2	loretta swit	<dbpedia:Loretta_Swit>	0
yahoo-407_3	mariano rivera	<dbpedia:Mariano_Rivera>	0
yahoo-409_3	kohls	<dbpedia:Kohl's>	0
yahoo-40_1	jpac	<dbpedia:Joint_POW/MIA_Accounting_Command>	0
yahoo-411_1	charlie sheen	<dbpedia:Charlie_Sheen>	0
yahoo-411_1	lohan	<dbpedia:Lindsay_Lohan>	0
yahoo-413_1	greeley	<dbpedia:Greeley,_Colorado>	0
yahoo-415_1	google translate	<dbpedia:Google_Translate>	0
yahoo-416_1	site	<dbpedia:Website>	0
yahoo-418_2	uis	<dbpedia:University_of_Illinois_at_Springfield>	0
yahoo-420_1	lance armstrong	<dbpedia:Lance_Armstrong>	0
yahoo-422_2	tufts.edu	<dbpedia:Tufts_University>	0
yahoo-425_1	miley cyrus	<dbpedia:Miley_Cyrus>	0
yahoo-425_4	ted nugent	<dbpedia:Ted_Nugent>	0
yahoo-425_5	top gun	<dbpedia:Top_Gun>	0
yahoo-425_6	ellen douglas	<dbpedia:Ellen_Douglas>	0
yahoo-425_9	victoria jackson	<dbpedia:Victoria_Jackson>	0
yahoo-426_4	jcpennys	<dbpedia:J._C._Penney>	0
yahoo-426_5	cavenders	<dbpedia:Cavenders>	0
yahoo-426_6	fat head	<dbpedia:Fathead_(brand)>	0
yahoo-428_1	aol mail login	<dbpedia:AOL_Mail>	0
yahoo-42_1	www.jetairways.com	<dbpedia:Jet_Airways>	0
yahoo-431_1	langham creek high school	<dbpedia:Langham_Creek_High_School>	0
yahoo-432_1	iron sky	<dbpedia:Iron_Sky>	0
yahoo-433_2	selena	<dbpedia:Selena_Gomez>	0
yahoo-435_6	bjork	<dbpedia:Björk>	0
yahoo-436_1	kmart	<dbpedia:Kmart>	0
yahoo-436_4	black Friday	<dbpedia:Black_Friday_(shopping)>	0
yahoo-436_6	walmart	<dbpedia:Walmart>	0
yahoo-436_7	target	<dbpedia:Target_Corporation>	0
yahoo-436_9	walmart	<dbpedia:Walmart>	0
yahoo-439_1	christchurch	<dbpedia:Christchurch>	0
yahoo-43_1	craigslist	<dbpedia:Craigslist>	0
yahoo-43_1	dfw	<dbpedia:Dallas–Fort_Worth_metroplex>	0
yahoo-43_2	craigslist	<dbpedia:Craigslist>	0
yahoo-43_3	yahoo! calendar	<dbpedia:Yahoo!_Calendar>	0
yahoo-43_4	jim durham	<dbpedia:Jim_Durham>	0
yahoo-43_5	luxembourg	<dbpedia:Luxembourg>	0
yahoo-441_1	liverpool news	<dbpedia:Liverpool_Echo>	0
yahoo-441_2	liverpool news	<dbpedia:Liverpool_Echo>	0
yahoo-443_1	ner	<dbpedia:Ner>	0
yahoo-448_1	nbc	<dbpedia:NBC>	0
yahoo-448_2	facebook	<dbpedia:Facebook>	0
yahoo-448_2	yahoo.com	<dbpedia:Yahoo!>	0
yahoo-450_1	you tube	<dbpedia:YouTube>	0
yahoo-452_1	dora	<dbpedia:Dora_the_Explorer>	0
yahoo-454_1	dick clark	<dbpedia:Dick_Clark>	0
yahoo-455_1	davenport lyons	<dbpedia:Davenport_Lyons>	0
yahoo-455_2	bradley cooper	<dbpedia:Bradley_Cooper>	0
yahoo-455_3	copa airlines	<dbpedia:Copa_Airlines>	0
yahoo-455_4	united airlines	<dbpedia:United_Airlines>	0
yahoo-456_3	fargo forum	<dbpedia:The_Forum_of_Fargo-Moorhead>	0
yahoo-456_4	grand forks herald	<dbpedia:Grand_Forks_Herald>	0
yahoo-456_6	billings gazette	<dbpedia:Billings_Gazette>	0
yahoo-458_2	liz claiborne	<dbpedia:Liz_Claiborne>	0
yahoo-458_3	kohl's	<dbpedia:Kohl's>	0
yahoo-458_4	bed bath and beyond	<dbpedia:Bed_Bath_&_Beyond>	0
yahoo-458_6	snopes	<dbpedia:Snopes.com>	0
yahoo-458_8	chase bank	<dbpedia:Chase_(bank)>	0
yahoo-458_9	second reformed church	<dbpedia:Second_Reformed_Dutch_Church_of_Kingston>	0
yahoo-45_1	expedia	<dbpedia:Expedia>	0
yahoo-45_1	orbitz	<dbpedia:Orbitz>	0
yahoo-45_2	aarp	<dbpedia:AARP>	0
yahoo-461_10	south padre island	<dbpedia:South_Padre_Island>	0
yahoo-461_11	south park	<dbpedia:South_Park>	0
yahoo-461_2	porters	<dbpedia:Porter_Hardware>	0
yahoo-461_3	porters hardware	<dbpedia:Porter_Hardware>	0
yahoo-461_6	jennifer lawrence	<dbpedia:Jennifer_Lawrence>	0
yahoo-462_1	perez hilton	<dbpedia:Perez_Hilton>	0
yahoo-462_3	chris brown	<dbpedia:Chris_Brown_(American_entertainer)>	0
yahoo-462_3	rihanna	<dbpedia:Rihanna>	0
yahoo-462_4	monica potter	<dbpedia:Monica_Potter>	0
yahoo-463_1	trans siberian orchestra	<dbpedia:Trans-Siberian_Orchestra>	0
yahoo-463_3	subaru	<dbpedia:Subaru>	0
yahoo-463_4	bass pro shop	<dbpedia:Bass_Pro_Shops>	0
yahoo-465_1	autozone	<dbpedia:AutoZone>	0
yahoo-465_2	autozone locations	<dbpedia:AutoZone>	0
yahoo-466_1	buckhead	<dbpedia:Buckhead_(Atlanta)>	0
yahoo-468_1	branson airport	<dbpedia:Branson_Airport>	0
yahoo-468_2	homedepot	<dbpedia:The_Home_Depot>	0
yahoo-468_3	wal-mart	<dbpedia:Walmart>	0
yahoo-468_4	kindle fire	<dbpedia:Kindle_Fire>	0
yahoo-468_5	bass pro	<dbpedia:Bass_Pro_Shops>	0
yahoo-468_6	cabelas	<dbpedia:Cabela's>	0
yahoo-468_7	wilson leather	<dbpedia:Wilsons_Leather>	0
yahoo-470_4	merrill lynch	<dbpedia:Merrill_Lynch>	0
yahoo-471_1	norfolk county	<dbpedia:Norfolk_County,_Massachusetts>	0
yahoo-474_1	noaa	<dbpedia:National_Oceanic_and_Atmospheric_Administration>	0
yahoo-474_10	yahoo maps	<dbpedia:Yahoo!_Maps>	0
yahoo-474_3	bing	<dbpedia:Bing>	0
yahoo-474_5	mapquest	<dbpedia:MapQuest>	0
yahoo-474_6	mapquest	<dbpedia:MapQuest>	0
yahoo-474_6	yahoo	<dbpedia:Yahoo!>	0
yahoo-474_7	mapquest	<dbpedia:MapQuest>	0
yahoo-474_7	yahoo	<dbpedia:Yahoo!>	0
yahoo-474_8	mapquest	<dbpedia:MapQuest>	0
yahoo-474_8	yahoo	<dbpedia:Yahoo!>	0
yahoo-475_2	qvc	<dbpedia:QVC>	0
yahoo-475_3	pittsburgh paints	<dbpedia:PPG_Industries>	0
yahoo-475_4	mohawk	<dbpedia:Mohawk_Industries>	0
yahoo-479_3	emily squires	<dbpedia:Emily_Squires>	0
yahoo-47_1	la grange	<dbpedia:La_Grange,_Texas>	0
yahoo-47_2	la grange tx	<dbpedia:La_Grange,_Texas>	0
yahoo-47_3	la grange tx	<dbpedia:La_Grange,_Texas>	0
yahoo-482_1	area code 309	<dbpedia:Area_code_309>	0
yahoo-482_1	illinois	<dbpedia:Illinois>	0
yahoo-485_2	state of decay	<dbpedia:State_of_Decay_(video_game)>	0
yahoo-486_1	charleston sc	<dbpedia:Charleston,_South_Carolina>	0
yahoo-487_1	www.nakedjuice.com	<dbpedia:Naked_Juice>	0
yahoo-490_1	kalamazoo mi	<dbpedia:Kalamazoo,_Michigan>	0
yahoo-490_2	portage	<dbpedia:Portage,_Michigan>	0
yahoo-490_2	ymca	<dbpedia:YMCA>	0
yahoo-490_3	grand rapids	<dbpedia:Grand_Rapids,_Michigan>	0
yahoo-490_4	jw marriott grand rapids	<dbpedia:JW_Marriott_Grand_Rapids>	0
yahoo-490_5	kalamazoo	<dbpedia:Kalamazoo,_Michigan>	0
yahoo-490_6	bruno mars	<dbpedia:Bruno_Mars>	0
yahoo-490_7	all recipes	<dbpedia:Allrecipes.com>	0
yahoo-490_8	all recipes	<dbpedia:Allrecipes.com>	0
yahoo-490_9	lumineers	<dbpedia:The_Lumineers>	0
yahoo-491_1	king of new york	<dbpedia:King_of_New_York>	0
yahoo-491_10	moonshiners tv show	<dbpedia:Moonshiners_(TV_series)>	0
yahoo-491_2	game of thrones	<dbpedia:Game_of_Thrones>	0
yahoo-491_3	game of thrones season 3	<dbpedia:Game_of_Thrones_(season_3)>	0
yahoo-491_5	gregg allman	<dbpedia:Gregg_Allman>	0
yahoo-491_6	lake hope state park	<dbpedia:Lake_Hope_State_Park>	0
yahoo-491_7	flipping out	<dbpedia:Flipping_Out>	0
yahoo-491_8	flipping out	<dbpedia:Flipping_Out>	0
yahoo-491_9	moonshiners tv show	<dbpedia:Moonshiners_(TV_series)>	0
yahoo-492_1	ea	<dbpedia:Electronic_Arts>	0
yahoo-492_1	ncaa football	<dbpedia:NCAA_Football_series>	0
yahoo-492_2	perfect pitch	<dbpedia:Pitch_Perfect>	0
yahoo-492_3	superman	<dbpedia:Superman_(TV_series)>	0
yahoo-492_4	dean cain	<dbpedia:Dean_Cain>	0
yahoo-492_5	atlanta zoo	<dbpedia:Zoo_Atlanta>	0
yahoo-492_6	mark sanchez	<dbpedia:Mark_Sanchez>	0
yahoo-492_7	mark sanchez	<dbpedia:Mark_Sanchez>	0
yahoo-493_1	ryan gosling	<dbpedia:Ryan_Gosling>	0
yahoo-493_10	nfl	<dbpedia:National_Football_League>	0
yahoo-493_11	ohio state	<dbpedia:Ohio_State_University>	0
yahoo-493_12	okcupid	<dbpedia:OkCupid>	0
yahoo-493_13	collegeboard	<dbpedia:College_Board>	0
yahoo-493_14	sarah jessica parker	<dbpedia:Sarah_Jessica_Parker>	0
yahoo-493_15	milan lucic	<dbpedia:Milan_Lucic>	0
yahoo-493_16	milan lucic	<dbpedia:Milan_Lucic>	0
yahoo-493_17	carolina panthers	<dbpedia:Carolina_Panthers>	0
yahoo-493_18	charlotte nc	<dbpedia:Charlotte,_North_Carolina>	0
yahoo-493_19	timeflies	<dbpedia:Timeflies>	0
yahoo-493_2	channing tatum	<dbpedia:Channing_Tatum>	0
yahoo-493_20	facebook	<dbpedia:Facebook>	0
yahoo-493_3	channing tatum	<dbpedia:Channing_Tatum>	0
yahoo-493_4	ryan gosling	<dbpedia:Ryan_Gosling>	0
yahoo-493_5	ryan reynolds	<dbpedia:Ryan_Reynolds>	0
yahoo-493_6	ryan reynolds	<dbpedia:Ryan_Reynolds>	0
yahoo-493_8	entourage	<dbpedia:Entourage_(TV_series)>	0
yahoo-493_9	cascada	<dbpedia:Cascada>	0
yahoo-494_1	portland	<dbpedia:Portland,_Oregon>	0
yahoo-494_10	crate and barrel	<dbpedia:Crate_&_Barrel>	0
yahoo-494_2	nashville	<dbpedia:Nashville_(2012_TV_series)>	0
yahoo-494_3	connie britton	<dbpedia:Connie_Britton>	0
yahoo-494_4	abc.com	<dbpedia:American_Broadcasting_Company>	0
yahoo-494_6	amanda bynes	<dbpedia:Amanda_Bynes>	0
yahoo-494_7	portland	<dbpedia:Portland,_Oregon>	0
yahoo-495_10	nashville	<dbpedia:Nashville,_Tennessee>	0
yahoo-495_12	miley cyrus	<dbpedia:Miley_Cyrus>	0
yahoo-495_13	nashville	<dbpedia:Nashville,_Tennessee>	0
yahoo-495_14	nashville	<dbpedia:Nashville,_Tennessee>	0
yahoo-495_2	nashville	<dbpedia:Nashville,_Tennessee>	0
yahoo-495_2	thrift stores	<dbpedia:Charity_shop>	0
yahoo-495_3	goodwill	<dbpedia:Goodwill_Industries>	0
yahoo-495_3	nashville	<dbpedia:Nashville,_Tennessee>	0
yahoo-495_4	nashville	<dbpedia:Nashville,_Tennessee>	0
yahoo-495_6	nashville	<dbpedia:Nashville,_Tennessee>	0
yahoo-495_8	nikki moore	<dbpedia:Nikki_Danielle_Moore>	0
yahoo-496_2	century theaters	<dbpedia:Century_Theatres>	0
yahoo-496_3	century theaters	<dbpedia:Century_Theatres>	0
yahoo-496_3	san francisco	<dbpedia:San_Francisco>	0
yahoo-496_4	san francisco	<dbpedia:San_Francisco>	0
yahoo-498_1	rotten tomatoes	<dbpedia:Rotten_Tomatoes>	0
yahoo-499_1	the bachelor	<dbpedia:The_Bachelor_(U.S._TV_series)>	0
yahoo-499_2	the east	<dbpedia:The_East_(film)>	0
yahoo-499_4	tool	<dbpedia:Tool_(band)>	0
yahoo-499_5	steve guttenberg	<dbpedia:Steve_Guttenberg>	0
yahoo-499_6	redbox	<dbpedia:Redbox>	0
yahoo-499_7	caddo lake	<dbpedia:Caddo_Lake>	0
yahoo-499_7	texas	<dbpedia:Texas>	0
yahoo-4_1	reverbnation	<dbpedia:ReverbNation>	0
yahoo-500_1	salem nh	<dbpedia:Salem,_New_Hampshire>	0
yahoo-500_2	white house down	<dbpedia:White_House_Down>	0
yahoo-500_3	loews theater	<dbpedia:Loews_Cineplex_Entertainment>	0
yahoo-500_3	methuen ma	<dbpedia:Methuen,_Massachusetts>	0
yahoo-500_4	lawrence	<dbpedia:Lawrence,_Massachusetts>	0
yahoo-500_5	lawrence ma	<dbpedia:Lawrence,_Massachusetts>	0
yahoo-501_1	lean cuisine	<dbpedia:Lean_Cuisine>	0
yahoo-501_11	the bling ring	<dbpedia:The_Bling_Ring>	0
yahoo-501_14	gnc	<dbpedia:GNC_(store)>	0
yahoo-501_15	netflix	<dbpedia:Netflix>	0
yahoo-501_16	movie phone	<dbpedia:Moviefone>	0
yahoo-501_6	paula deen	<dbpedia:Paula_Deen>	0
yahoo-501_7	girl with the dragon tattoo	<dbpedia:The_Girl_with_the_Dragon_Tattoo_(2011_film)>	0
yahoo-501_8	rooney mara	<dbpedia:Rooney_Mara>	0
yahoo-501_9	the voice 2013	<dbpedia:The_Voice_(U.S._season_4)>	0
yahoo-502_1	clearview cinema	<dbpedia:Clearview_Cinemas>	0
yahoo-502_1	morristown	<dbpedia:Morristown,_New_Jersey>	0
yahoo-502_10	chelsea	<dbpedia:Chelsea_F.C.>	0
yahoo-502_10	fernando torres	<dbpedia:Fernando_Torres>	0
yahoo-502_11	fernando torres	<dbpedia:Fernando_Torres>	0
yahoo-502_12	michael essien	<dbpedia:Michael_Essien>	0
yahoo-502_13	modric	<dbpedia:Luka_Modrić>	0
yahoo-502_15	david beckham	<dbpedia:David_Beckham>	0
yahoo-502_16	jack wilshere	<dbpedia:Jack_Wilshere>	0
yahoo-502_17	theo walcott	<dbpedia:Theo_Walcott>	0
yahoo-502_19	tainio	<dbpedia:Teemu_Tainio>	0
yahoo-502_2	madison	<dbpedia:Madison,_New_Jersey>	0
yahoo-502_3	madison nj	<dbpedia:Madison,_New_Jersey>	0
yahoo-502_4	msn	<dbpedia:MSN>	0
yahoo-502_5	gmc	<dbpedia:GMC_(automobile)>	0
yahoo-502_6	didier drogba	<dbpedia:Didier_Drogba>	0
yahoo-502_7	neymar	<dbpedia:Neymar>	0
yahoo-502_8	santos soccer club	<dbpedia:Santos_FC>	0
yahoo-502_9	wikipedia	<dbpedia:Wikipedia>	0
yahoo-503_1	sodexo	<dbpedia:Sodexo>	0
yahoo-503_2	subaru forester	<dbpedia:Subaru_Forester>	0
yahoo-503_3	houstonzoo.org	<dbpedia:Houston_Zoo>	0
yahoo-503_4	yahoo finance	<dbpedia:Yahoo!_Finance>	0
yahoo-504_3	inside out	<dbpedia:Inside_Out_(2011_film)>	0
yahoo-505_1	carmike cinemas	<dbpedia:Carmike_Cinemas>	0
yahoo-506_1	ed begley jr	<dbpedia:Ed_Begley,_Jr.>	0
yahoo-507_1	little rascals	<dbpedia:The_Little_Rascals_(film)>	0
yahoo-507_2	comadre	<dbpedia:Comadre_(band)>	0
yahoo-507_23	long beach	<dbpedia:Long_Beach,_California>	0
yahoo-507_24	gmail	<dbpedia:Gmail>	0
yahoo-507_5	angeles national forest	<dbpedia:Angeles_National_Forest>	0
yahoo-508_3	under the dome	<dbpedia:Under_the_Dome_(TV_series)>	0
yahoo-508_4	goodwin games	<dbpedia:The_Goodwin_Games>	0
yahoo-508_5	diamantopoulos	<dbpedia:Chris_Diamantopoulos>	0
yahoo-508_6	into the woods	<dbpedia:Into_the_Woods>	0
yahoo-508_7	jackson hurst	<dbpedia:Jackson_Hurst>	0
yahoo-509_1	775 area code	<dbpedia:Area_code_775>	0
yahoo-509_3	anthony	<dbpedia:Anthony,_Texas>	0
yahoo-509_3	wet n wild	<dbpedia:Wet_N'_Wild_Waterworld>	0
yahoo-509_4	el paso	<dbpedia:El_Paso,_Texas>	0
yahoo-509_5	el paso	<dbpedia:El_Paso,_Texas>	0
yahoo-510_1	glock	<dbpedia:Glock>	0
yahoo-510_16	hautelook	<dbpedia:HauteLook>	0
yahoo-510_17	expedia	<dbpedia:Expedia>	0
yahoo-510_19	disney store	<dbpedia:Disney_Store>	0
yahoo-510_20	sephora	<dbpedia:Sephora>	0
yahoo-510_4	sirius xm	<dbpedia:Sirius_XM_Radio>	0
yahoo-510_6	paypal	<dbpedia:PayPal>	0
yahoo-510_7	burger king	<dbpedia:Burger_King>	0
yahoo-510_8	victoria s secret	<dbpedia:Victoria's_Secret>	0
yahoo-511_1	google images	<dbpedia:Google_Images>	0
yahoo-511_3	moviefone	<dbpedia:Moviefone>	0
yahoo-512_1	lancaster	<dbpedia:Lancaster,_California>	0
yahoo-512_2	lancaster ca	<dbpedia:Lancaster,_California>	0
yahoo-513_1	target stores	<dbpedia:Target_Corporation>	0
yahoo-513_2	roku	<dbpedia:Roku>	0
yahoo-513_3	amc	<dbpedia:AMC_Theatres>	0
yahoo-513_4	man of steel	<dbpedia:Man_of_Steel_(film)>	0
yahoo-513_5	man of steel shirtless	<dbpedia:Man_of_Steel_(film)>	0
yahoo-514_1	la criada bien criada	<dbpedia:La_criada_bien_criada>	0
yahoo-515_1	premium rush	<dbpedia:Premium_Rush>	0
yahoo-516_11	gi joe retaliation	<dbpedia:G.I._Joe:_Retaliation>	0
yahoo-516_12	pottery barn	<dbpedia:Pottery_Barn>	0
yahoo-516_13	gymboree	<dbpedia:Gymboree>	0
yahoo-516_14	gymboree	<dbpedia:Gymboree>	0
yahoo-516_15	boh.com	<dbpedia:Bank_of_Hawaii>	0
yahoo-516_16	wells fargo	<dbpedia:Wells_Fargo>	0
yahoo-516_19	hawaiian electric	<dbpedia:Hawaiian_Electric_Industries>	0
yahoo-516_2	hawaii kai	<dbpedia:Hawaii_Kai,_Hawaii>	0
yahoo-516_2	longs	<dbpedia:Longs_Drugs>	0
yahoo-516_20	exxon	<dbpedia:Exxon>	0
yahoo-516_3	waimanalo	<dbpedia:Waimānalo,_Hawaii>	0
yahoo-516_6	fandango	<dbpedia:Fandango_(ticket_service)>	0
yahoo-516_7	kahala	<dbpedia:Kāhala,_Hawaii>	0
yahoo-516_8	fandango.com	<dbpedia:Fandango_(ticket_service)>	0
yahoo-516_9	kaneohe	<dbpedia:Kaneohe,_Hawaii>	0
yahoo-517_1	yahoo movies	<dbpedia:Yahoo!_Movies>	0
yahoo-517_3	epicurious	<dbpedia:Epicurious>	0
yahoo-517_4	epic	<dbpedia:Epic_(film)>	0
yahoo-517_5	dr. ben carson	<dbpedia:Ben_Carson>	0
yahoo-518_2	roku	<dbpedia:Roku>	0
yahoo-518_3	angel porrino	<dbpedia:Angel_Porrino>	0
yahoo-518_7	the glades	<dbpedia:The_Glades_(TV_series)>	0
yahoo-518_8	kristen renton	<dbpedia:Kristen_Renton>	0
yahoo-519_1	tron	<dbpedia:Tron:_Legacy>	0
yahoo-519_2	olivia wilde	<dbpedia:Olivia_Wilde>	0
yahoo-519_3	heat	<dbpedia:Miami_Heat>	0
yahoo-519_3	pacers	<dbpedia:Indiana_Pacers>	0
yahoo-519_6	pat riley	<dbpedia:Pat_Riley>	0
yahoo-521_1	half price books	<dbpedia:Half_Price_Books>	0
yahoo-521_2	imdb	<dbpedia:Internet_Movie_Database>	0
yahoo-521_3	little treasures	<dbpedia:Little_Treasure>	0
yahoo-521_3	louisville ky	<dbpedia:Louisville,_Kentucky>	0
yahoo-523_1	rocky balboa	<dbpedia:Rocky_Balboa>	0
yahoo-523_10	m.i.a	<dbpedia:M.I.A._(artist)>	0
yahoo-523_11	christine o donnell	<dbpedia:Christine_O'Donnell>	0
yahoo-523_12	snl	<dbpedia:Saturday_Night_Live>	0
yahoo-523_13	new york	<dbpedia:New_York>	0
yahoo-523_17	black eye peas	<dbpedia:The_Black_Eyed_Peas>	0
yahoo-523_17	taboo	<dbpedia:Taboo_(rapper)>	0
yahoo-523_18	vanessa bayer	<dbpedia:Vanessa_Bayer>	0
yahoo-523_19	scarlett johansson	<dbpedia:Scarlett_Johansson>	0
yahoo-523_2	timothy mcveigh	<dbpedia:Timothy_McVeigh>	0
yahoo-523_23	concord nc	<dbpedia:Concord,_North_Carolina>	0
yahoo-523_24	capitalone.com	<dbpedia:Capital_One>	0
yahoo-523_25	subway	<dbpedia:Subway_(restaurant)>	0
yahoo-523_26	bbc	<dbpedia:BBC_One>	0
yahoo-523_26	sherlock	<dbpedia:Sherlock_(TV_series)>	0
yahoo-523_3	terry nichols	<dbpedia:Terry_Nichols>	0
yahoo-523_4	dan rather	<dbpedia:Dan_Rather>	0
yahoo-523_5	connie chung	<dbpedia:Connie_Chung>	0
yahoo-523_6	ellen degeneres	<dbpedia:Ellen_DeGeneres>	0
yahoo-523_7	louise lasser	<dbpedia:Louise_Lasser>	0
yahoo-523_8	kristen wiig	<dbpedia:Kristen_Wiig>	0
yahoo-523_9	lmfao	<dbpedia:LMFAO>	0
yahoo-524_1	yukon, ok	<dbpedia:Yukon,_Oklahoma>	0
yahoo-524_2	oklahoma city, ok	<dbpedia:Oklahoma_City>	0
yahoo-524_4	amanda bynes	<dbpedia:Amanda_Bynes>	0
yahoo-524_6	silver linings playbook	<dbpedia:Silver_Linings_Playbook>	0
yahoo-525_2	now you see me	<dbpedia:Now_You_See_Me_(film)>	0
yahoo-525_3	world war z	<dbpedia:World_War_Z_(film)>	0
yahoo-525_4	now you see me	<dbpedia:Now_You_See_Me_(film)>	0
yahoo-525_5	world war z	<dbpedia:World_War_Z_(film)>	0
yahoo-526_1	portland	<dbpedia:Portland,_Oregon>	0
yahoo-52_1	sheen	<dbpedia:Charlie_Sheen>	0
yahoo-53_1	facebook	<dbpedia:Facebook>	0
yahoo-55_1	amazon	<dbpedia:Amazon.com>	0
yahoo-55_1	black friday	<dbpedia:Black_Friday_(shopping)>	0
yahoo-59_1	craigslist	<dbpedia:Craigslist>	0
yahoo-59_1	ms	<dbpedia:Mississippi>	0
yahoo-5_1	skype	<dbpedia:Skype>	0
yahoo-5_2	mac	<dbpedia:Mac_OS>	0
yahoo-5_2	skype	<dbpedia:Skype>	0
yahoo-64_1	lolo jones	<dbpedia:Lolo_Jones>	0
yahoo-66_1	sunbeam	<dbpedia:Sunbeam_Products>	0
yahoo-67_1	cyndi lauper	<dbpedia:Cyndi_Lauper>	0
yahoo-67_2	cyndi lauper	<dbpedia:Cyndi_Lauper>	0
yahoo-67_3	macy	<dbpedia:Macy's>	0
yahoo-6_1	courier journal	<dbpedia:The_Courier-Journal>	0
yahoo-6_1	louisville	<dbpedia:Louisville,_Kentucky>	0
yahoo-6_10	atlantic coast conference	<dbpedia:Atlantic_Coast_Conference>	0
yahoo-6_11	big east	<dbpedia:Big_East_Conference_(1979–2013)>	0
yahoo-6_2	ncaa football	<dbpedia:College_football>	0
yahoo-6_3	syracuse.com	<dbpedia:The_Post-Standard>	0
yahoo-6_4	democrat and chronicle	<dbpedia:Democrat_and_Chronicle>	0
yahoo-6_4	rochester	<dbpedia:Rochester,_New_York>	0
yahoo-6_5	onondaga community college	<dbpedia:Onondaga_Community_College>	0
yahoo-6_6	american hockey league	<dbpedia:American_Hockey_League>	0
yahoo-6_7	albany times union	<dbpedia:Times_Union_(Albany)>	0
yahoo-6_8	minneapolis	<dbpedia:Minneapolis>	0
yahoo-6_8	star tribune	<dbpedia:Star_Tribune>	0
yahoo-6_9	southeast conference	<dbpedia:Southeastern_Conference>	0
yahoo-70_1	philadelphia eagles	<dbpedia:Philadelphia_Eagles>	0
yahoo-70_2	cowboys	<dbpedia:Dallas_Cowboys>	0
yahoo-70_2	obama	<dbpedia:Barack_Obama>	0
yahoo-72_1	msn	<dbpedia:MSN>	0
yahoo-73_1	www.capitalonebank.com	<dbpedia:Capital_One>	0
yahoo-73_2	dolly parton	<dbpedia:Dolly_Parton>	0
yahoo-73_4	capital one	<dbpedia:Capital_One>	0
yahoo-74_1	dick morris	<dbpedia:Dick_Morris>	0
yahoo-74_3	swv	<dbpedia:SWV>	0
yahoo-74_4	home depot	<dbpedia:The_Home_Depot>	0
yahoo-74_5	halloween	<dbpedia:Halloween>	0
yahoo-78_1	genting	<dbpedia:Genting_Highlands>	0
yahoo-78_10	adobe pdf	<dbpedia:Adobe_Acrobat>	0
yahoo-78_11	adobe pdf	<dbpedia:Adobe_Acrobat>	0
yahoo-78_12	adobe pdf	<dbpedia:Adobe_Acrobat>	0
yahoo-78_12	word	<dbpedia:Microsoft_Word>	0
yahoo-78_13	google	<dbpedia:Google>	0
yahoo-78_14	google maps	<dbpedia:Google_Maps>	0
yahoo-78_15	google search	<dbpedia:Google_Search>	0
yahoo-78_16	google map	<dbpedia:Google_Maps>	0
yahoo-78_17	kelana jaya	<dbpedia:Kelana_Jaya>	0
yahoo-78_19	gsc	<dbpedia:Golden_Screen_Cinemas>	0
yahoo-78_20	kuala lumpur	<dbpedia:Kuala_Lumpur>	0
yahoo-78_21	malaysia	<dbpedia:Malaysia>	0
yahoo-78_22	gsc	<dbpedia:Golden_Screen_Cinemas>	0
yahoo-78_5	adobe pdf	<dbpedia:Adobe_Acrobat>	0
yahoo-78_6	adobe pdf	<dbpedia:Adobe_Acrobat>	0
yahoo-78_7	adobe pdf	<dbpedia:Adobe_Acrobat>	0
yahoo-78_8	adobe pdf	<dbpedia:Adobe_Acrobat>	0
yahoo-78_9	adobe pdf	<dbpedia:Adobe_Acrobat>	0
yahoo-79_1	jay cutler	<dbpedia:Jay_Cutler_(American_football)>	0
yahoo-79_2	led zeppelin	<dbpedia:Led_Zeppelin>	0
yahoo-81_1	mlive	<dbpedia:Booth_Newspapers>	0
yahoo-84_2	deals and steals	<dbpedia:Steals_and_Deals>	0
yahoo-84_3	tim tebow	<dbpedia:Tim_Tebow>	0
yahoo-84_4	yahoo! travel	<dbpedia:Yahoo!_Travel>	0
yahoo-84_5	tim burton	<dbpedia:Tim_Burton>	0
yahoo-84_6	tim burton	<dbpedia:Tim_Burton>	0
yahoo-84_7	corpse bride	<dbpedia:Corpse_Bride>	0
yahoo-84_7	tim burton	<dbpedia:Tim_Burton>	0
yahoo-84_8	tim burton	<dbpedia:Tim_Burton>	0
yahoo-85_1	japan	<dbpedia:Japan>	0
yahoo-89_1	google interpreter	<dbpedia:Google_Translate>	0
yahoo-89_2	google translation	<dbpedia:Google_Translate>	0
yahoo-8_1	yahoo mail	<dbpedia:Yahoo!_Mail>	0
yahoo-90_2	cvs	<dbpedia:CVS_Pharmacy>	0
yahoo-91_2	lakers	<dbpedia:Los_Angeles_Lakers>	0
yahoo-92_1	youtube	<dbpedia:YouTube>	0
yahoo-93_10	citicards	<dbpedia:Citigroup>	0
yahoo-93_11	citicards	<dbpedia:Citigroup>	0
yahoo-93_12	citicards	<dbpedia:Citigroup>	0
yahoo-93_13	citicards	<dbpedia:Citigroup>	0
yahoo-93_14	citicards	<dbpedia:Citigroup>	0
yahoo-93_15	citicards	<dbpedia:Citigroup>	0
yahoo-93_16	citicards	<dbpedia:Citigroup>	0
yahoo-93_2	bangladesh	<dbpedia:Bangladesh>	0
yahoo-93_21	youtube	<dbpedia:YouTube>	0
yahoo-93_22	youtube	<dbpedia:YouTube>	0
yahoo-93_4	circuit city	<dbpedia:Circuit_City>	0
yahoo-93_5	citibank	<dbpedia:Citibank>	0
yahoo-93_6	citi	<dbpedia:Citigroup>	0
yahoo-93_7	citicards	<dbpedia:Citigroup>	0
yahoo-93_8	citizens bank	<dbpedia:Citizens_Republic_Bancorp>	0
yahoo-93_9	citicards	<dbpedia:Citigroup>	0
yahoo-95_1	virginia tattoos	<dbpedia:Virginia_International_Tattoo>	0
yahoo-96_1	word	<dbpedia:Microsoft_Word>	0
yahoo-96_2	nokia lumia 920	<dbpedia:Nokia_Lumia_920>	0
yahoo-97_1	usps.com	<dbpedia:United_States_Postal_Service>	0
yahoo-99_1	honda pilot	<dbpedia:Honda_Pilot>	0
yahoo-99_2	honda pilot	<dbpedia:Honda_Pilot>	0
yahoo-99_3	honda pilot	<dbpedia:Honda_Pilot>	0
yahoo-9_1	google,com	<dbpedia:Google>	0
